date_day,city,orders,batteries_needs,batteries_needs_1,batteries_needs_2,batteries_needs_3,batteries_needs_4,batteries_finishs,batteries_finishs_1,batteries_finishs_2,batteries_finishs_3,batteries_finishs_4,active_bikes,active_bikes_1,active_bikes_2,active_bikes_3,active_bikes_4,inactive_bikes,inactive_bikes_1,inactive_bikes_2,inactive_bikes_3,inactive_bikes_4
2020-09-29,city_1,9758,366,97,86,87,96,307,75,78,77,77,493,125,121,123,124,211,51,54,56,50
2020-09-30,city_1,9096,332,83,84,80,85,304,76,75,77,76,494,121,128,124,121,215,50,51,56,58
2020-10-01,city_1,9937,347,89,88,80,90,306,75,77,76,78,498,121,126,124,127,215,55,54,55,51
2020-10-02,city_1,9084,380,97,91,98,94,313,79,79,79,76,498,123,122,127,126,226,57,56,59,54
2020-10-03,city_1,9829,354,83,96,89,86,306,75,75,77,79,495,123,121,124,127,219,59,50,57,53
2020-10-04,city_1,9997,356,88,97,91,80,308,78,78,75,77,503,129,127,127,120,226,50,58,59,59
2020-10-05,city_1,9363,372,87,93,97,95,309,79,75,76,79,496,126,127,120,123,221,51,56,56,58
2020-10-06,city_1,9282,352,90,82,91,89,308,76,77,76,79,499,125,125,122,127,217,56,54,50,57
2020-10-07,city_1,9233,356,92,80,96,88,307,76,77,79,75,491,120,120,122,129,227,58,54,56,59
2020-10-08,city_1,9782,339,80,89,80,90,307,75,76,77,79,501,121,128,124,128,208,51,53,52,52
2020-10-09,city_1,9182,361,90,90,96,85,308,78,76,79,75,493,122,121,123,127,211,56,50,54,51
2020-10-10,city_1,9489,328,82,80,81,85,306,75,77,77,77,490,129,120,121,120,217,53,53,58,53
2020-10-11,city_1,9433,361,96,80,95,90,307,76,77,75,79,489,121,126,122,120,227,52,59,57,59
2020-10-12,city_1,9301,332,81,81,83,87,305,77,78,75,75,499,121,128,127,123,212,53,55,50,54
2020-10-13,city_1,9127,352,89,86,94,83,309,75,79,76,79,498,126,128,122,122,222,56,53,56,57
2020-10-14,city_1,9954,346,82,87,80,97,313,76,79,79,79,494,124,121,124,125,225,55,55,56,59
2020-10-15,city_1,9032,373,96,82,96,99,301,75,75,76,75,487,120,121,124,122,222,59,52,58,53
2020-10-16,city_1,9904,383,93,93,98,99,301,75,76,75,75,506,127,127,127,125,215,53,53,59,50
2020-10-17,city_1,9882,355,80,86,97,92,311,76,79,79,77,498,126,123,121,128,228,59,56,58,55
2020-10-18,city_1,9925,367,84,92,93,98,308,78,76,79,75,499,128,122,128,121,215,50,56,57,52
2020-10-19,city_1,9849,364,80,90,99,95,307,77,79,75,76,500,127,123,129,121,216,58,51,52,55
2020-10-20,city_1,9926,357,83,83,98,93,308,77,76,77,78,501,124,129,128,120,217,58,56,53,50
2020-10-21,city_1,9899,363,91,85,91,96,306,75,76,78,77,496,126,123,123,124,214,51,56,54,53
2020-10-22,city_1,9843,348,89,92,84,83,313,79,79,79,76,508,127,125,128,128,218,55,55,53,55
2020-10-23,city_1,9430,376,99,88,98,91,308,79,76,76,77,501,127,120,128,126,213,56,53,50,54
2020-10-24,city_1,9590,344,83,89,85,87,306,75,76,76,79,496,120,124,127,125,225,56,57,58,54
2020-10-25,city_1,9579,349,93,82,92,82,307,79,75,76,77,499,129,126,120,124,223,59,58,50,56
2020-10-26,city_1,9533,371,87,93,95,96,302,75,75,77,75,499,123,123,127,126,222,59,53,53,57
2020-10-27,city_1,9619,356,88,88,84,96,306,77,75,75,79,502,129,121,129,123,219,54,51,55,59
2020-10-28,city_1,9497,351,88,85,91,87,306,75,75,77,79,501,120,129,124,128,225,54,58,59,54
2020-10-29,city_1,9679,376,88,94,97,97,304,76,76,76,76,504,123,126,127,128,215,56,51,54,54
2020-10-30,city_1,9156,361,96,93,88,84,307,77,76,79,75,501,127,125,124,125,223,55,56,53,59
2020-10-31,city_1,9328,353,86,85,97,85,303,75,77,76,75,505,124,128,126,127,213,53,50,57,53
2020-11-01,city_1,9642,349,82,98,85,84,308,76,76,78,78,512,128,128,128,128,219,50,59,51,59
2020-11-02,city_1,9743,365,98,98,87,82,307,76,76,77,78,488,123,122,120,123,208,52,51,52,53
2020-11-03,city_1,9459,351,97,80,89,85,314,79,79,78,78,499,120,129,128,122,221,56,57,50,58
2020-11-04,city_1,9999,366,97,96,84,89,305,78,76,75,76,493,125,126,120,122,217,56,55,51,55
2020-11-05,city_1,9149,370,96,88,93,93,310,78,76,77,79,494,122,125,125,122,223,56,59,56,52
2020-11-06,city_1,9012,338,90,80,80,88,305,76,79,75,75,508,122,128,129,129,217,51,56,55,55
2020-11-07,city_1,9823,383,99,99,91,94,308,75,78,77,78,499,128,125,120,126,220,52,59,56,53
2020-11-08,city_1,9581,358,96,89,89,84,305,77,75,75,78,503,124,123,129,127,221,53,51,59,58
2020-11-09,city_1,9092,360,90,80,96,94,307,79,76,75,77,502,125,125,129,123,215,51,50,58,56
2020-11-10,city_1,9104,340,83,89,83,85,306,79,77,75,75,495,127,123,120,125,218,55,52,59,52
2020-11-11,city_1,9639,367,89,99,99,80,306,76,78,75,77,497,120,124,126,127,217,57,56,51,53
2020-11-12,city_1,9865,372,91,96,87,98,307,76,78,78,75,496,120,128,126,122,218,56,53,53,56
2020-11-13,city_1,9996,368,97,82,95,94,308,75,79,79,75,493,124,124,122,123,212,51,56,53,52
2020-11-14,city_1,9513,360,81,88,93,98,308,77,77,76,78,492,121,121,123,127,213,59,53,51,50
2020-11-15,city_1,9776,359,81,86,97,95,302,77,75,75,75,500,126,122,126,126,215,56,52,51,56
2020-11-16,city_1,9125,352,91,80,83,98,309,79,77,76,77,498,128,120,121,129,216,57,50,56,53
2020-11-17,city_1,9253,349,95,87,87,80,306,76,78,76,76,503,125,123,129,126,211,50,53,58,50
2020-11-18,city_1,9066,355,93,85,96,81,307,79,75,77,76,492,125,120,124,123,226,59,54,57,56
2020-11-19,city_1,9521,369,84,95,97,93,306,76,76,76,78,500,125,123,124,128,223,54,54,57,58
2020-11-20,city_1,9541,365,92,95,96,82,307,78,75,78,76,498,123,125,126,124,219,56,53,54,56
2020-11-21,city_1,9682,367,94,95,98,80,308,75,78,78,77,503,128,129,123,123,223,57,54,56,56
2020-11-22,city_1,9974,344,92,88,83,81,308,75,76,79,78,503,129,120,125,129,222,55,56,55,56
2020-11-23,city_1,9312,362,97,84,94,87,311,79,78,75,79,489,125,120,124,120,212,50,59,50,53
2020-11-24,city_1,9802,339,92,83,82,82,307,75,76,77,79,503,121,129,127,126,222,53,57,59,53
2020-11-25,city_1,9927,360,87,84,93,96,307,76,76,78,77,501,124,127,123,127,216,51,57,58,50
2020-11-26,city_1,9023,364,97,84,87,96,301,75,76,75,75,506,129,129,127,121,221,54,53,55,59
2020-11-27,city_1,9082,371,96,84,99,92,306,78,77,75,76,497,124,127,124,122,221,59,50,58,54
2020-11-28,city_1,9851,362,90,94,87,91,306,75,79,77,75,494,125,120,120,129,220,58,50,57,55
2020-11-29,city_1,9099,375,98,91,97,89,306,78,75,76,77,498,126,124,123,125,217,50,59,53,55
2020-11-30,city_1,9646,346,93,80,81,92,309,76,78,77,78,498,125,128,121,124,212,52,50,58,52
2020-12-01,city_1,9420,392,98,97,99,98,306,76,76,75,79,487,121,122,122,122,214,52,53,58,51
2020-12-02,city_1,9085,363,85,85,97,96,308,76,79,75,78,497,125,126,123,123,231,58,55,59,59
2020-12-03,city_1,9087,349,80,88,86,95,311,79,79,75,78,501,129,129,122,121,216,53,50,55,58
2020-12-04,city_1,9665,344,87,88,85,84,311,78,78,79,76,488,122,120,122,124,224,54,54,58,58
2020-12-05,city_1,9143,347,82,89,93,83,309,78,78,76,77,495,123,128,122,122,214,53,53,54,54
2020-12-06,city_1,9759,377,93,87,98,99,309,77,75,78,79,488,121,120,123,124,225,57,56,58,54
2020-12-07,city_1,9387,344,84,80,82,98,304,75,75,76,78,502,125,125,126,126,217,54,53,52,58
2020-12-08,city_1,9007,379,98,86,99,96,306,75,77,79,75,492,121,125,122,124,221,59,51,58,53
2020-12-09,city_1,9467,348,85,98,80,85,309,79,78,76,76,501,124,128,123,126,212,51,54,54,53
2020-12-10,city_1,9618,359,84,99,91,85,307,76,78,75,78,495,125,125,120,125,230,59,53,59,59
2020-12-11,city_1,9771,375,90,93,94,98,305,76,76,77,76,493,123,128,122,120,217,55,54,51,57
2020-12-12,city_1,9852,354,84,84,90,96,312,78,79,77,78,502,125,129,127,121,229,58,58,59,54
2020-12-13,city_1,9337,350,80,86,88,96,308,79,75,76,78,507,124,128,129,126,204,53,51,50,50
2020-12-14,city_1,9694,362,94,84,86,98,307,75,79,76,77,503,124,129,127,123,212,54,55,53,50
2020-12-15,city_1,9380,369,89,87,98,95,307,77,77,76,77,496,123,126,127,120,223,55,56,57,55
2020-12-16,city_1,9263,352,83,90,89,90,302,76,75,76,75,491,128,122,121,120,209,50,52,53,54
2020-12-17,city_1,9352,347,92,86,82,87,313,79,78,79,77,502,121,126,126,129,214,50,51,57,56
2020-12-18,city_1,9197,346,81,80,99,86,315,79,79,78,79,492,122,125,125,120,217,53,53,57,54
2020-12-19,city_1,9293,350,80,80,92,98,307,79,77,75,76,502,129,124,120,129,206,50,52,50,54
2020-12-20,city_1,9394,329,81,87,80,81,310,75,79,79,77,499,127,121,129,122,217,56,51,55,55
2020-12-21,city_1,9218,345,85,87,81,92,311,78,79,78,76,503,126,123,126,128,224,54,55,56,59
2020-12-22,city_1,9530,369,80,97,97,95,306,76,75,77,78,494,125,123,122,124,228,57,56,56,59
2020-12-23,city_1,9560,364,90,98,96,80,309,75,78,77,79,501,128,128,122,123,218,51,53,58,56
2020-12-24,city_1,9779,339,84,84,83,88,312,77,79,77,79,499,128,128,122,121,209,55,52,51,51
2020-12-25,city_1,9887,353,88,84,91,90,306,78,76,76,76,509,126,129,125,129,216,56,52,57,51
2020-12-26,city_1,9197,368,98,94,95,81,308,76,76,78,78,500,123,125,127,125,217,57,56,50,54
2020-12-27,city_1,9240,361,89,90,83,99,305,75,79,75,76,494,127,122,122,123,213,51,55,57,50
2020-12-28,city_1,9195,340,82,85,92,81,305,75,78,75,77,493,123,121,126,123,220,57,52,59,52
2020-12-29,city_1,9800,336,84,82,85,85,309,77,75,78,79,490,120,127,120,123,206,51,52,51,52
2020-12-30,city_1,9950,348,80,92,94,82,306,77,77,77,75,493,122,124,122,125,223,58,58,57,50
2020-12-31,city_1,9363,349,90,80,91,88,305,76,78,76,75,511,129,128,129,125,202,51,50,50,51
2021-01-01,city_1,9148,359,93,96,81,89,310,77,79,76,78,495,125,121,122,127,221,55,57,53,56
2021-01-02,city_1,9892,364,99,84,89,92,308,76,76,78,78,506,124,128,125,129,217,55,53,57,52
2021-01-03,city_1,9805,370,95,93,99,83,310,76,78,78,78,495,121,129,125,120,213,57,51,55,50
2021-01-04,city_1,9176,345,84,93,88,80,310,77,78,76,79,496,124,120,128,124,225,55,56,58,56
2021-01-05,city_1,9806,357,95,86,83,93,310,77,78,78,77,507,129,128,122,128,226,52,58,58,58
2020-09-29,city_2,9089,361,82,90,97,92,307,77,75,76,79,504,125,127,126,126,225,58,55,55,57
2020-09-30,city_2,9425,362,83,93,91,95,308,76,79,76,77,494,127,123,120,124,211,51,51,51,58
2020-10-01,city_2,9883,345,83,83,86,93,312,76,79,79,78,502,127,120,128,127,221,55,58,56,52
2020-10-02,city_2,9364,366,86,89,94,97,306,76,75,77,78,500,122,129,123,126,229,59,56,57,57
2020-10-03,city_2,9723,373,83,99,95,96,310,79,78,75,78,508,125,129,127,127,220,54,55,58,53
2020-10-04,city_2,9234,358,87,89,83,99,311,76,79,77,79,500,125,125,126,124,225,55,59,57,54
2020-10-05,city_2,9661,361,84,86,96,95,305,76,75,77,77,496,120,123,125,128,216,53,53,51,59
2020-10-06,city_2,9761,357,85,92,92,88,306,77,75,76,78,498,127,123,124,124,207,50,50,57,50
2020-10-07,city_2,9076,363,99,95,89,80,310,78,78,79,75,497,126,120,123,128,224,55,58,54,57
2020-10-08,city_2,9534,362,81,86,99,96,308,76,76,79,77,504,128,122,129,125,218,51,52,58,57
2020-10-09,city_2,9135,358,84,88,93,93,307,75,76,77,79,509,129,128,125,127,212,51,56,53,52
2020-10-10,city_2,9251,338,81,82,86,89,309,75,79,76,79,493,128,122,122,121,225,58,53,56,58
2020-10-11,city_2,9489,359,82,92,99,86,305,75,75,79,76,492,120,122,122,128,219,51,55,56,57
2020-10-12,city_2,9187,379,98,93,94,94,306,75,78,77,76,493,120,124,129,120,223,57,53,58,55
2020-10-13,city_2,9393,351,82,87,95,87,309,79,75,78,77,502,124,128,121,129,206,51,51,53,51
2020-10-14,city_2,9184,362,94,95,93,80,306,76,78,77,75,492,122,123,125,122,207,55,50,51,51
2020-10-15,city_2,9457,359,89,90,87,93,306,75,78,78,75,498,124,128,123,123,212,55,50,57,50
2020-10-16,city_2,9122,378,99,86,98,95,311,78,79,79,75,503,127,124,129,123,209,52,50,51,56
2020-10-17,city_2,9969,367,99,97,80,91,311,77,78,77,79,496,125,125,121,125,228,54,59,59,56
2020-10-18,city_2,9174,362,98,87,95,82,310,78,79,76,77,510,127,125,129,129,220,55,56,52,57
2020-10-19,city_2,9694,329,80,88,80,81,305,75,75,76,79,500,126,124,126,124,220,56,52,53,59
2020-10-20,city_2,9012,370,97,86,93,94,313,78,79,79,77,498,121,122,127,128,218,59,54,52,53
2020-10-21,city_2,9703,354,83,95,84,92,310,78,77,76,79,498,129,123,120,126,209,54,53,52,50
2020-10-22,city_2,9410,342,82,84,94,82,310,78,76,79,77,500,127,124,129,120,231,57,59,57,58
2020-10-23,city_2,9662,371,88,99,95,89,311,79,77,77,78,489,120,121,121,127,221,59,53,53,56
2020-10-24,city_2,9008,371,96,96,81,98,306,76,77,77,76,505,127,127,125,126,220,55,56,57,52
2020-10-25,city_2,9089,356,80,98,94,84,308,77,79,76,76,489,121,123,123,122,225,56,52,58,59
2020-10-26,city_2,9515,360,99,82,91,88,311,79,75,78,79,493,124,120,129,120,212,52,51,59,50
2020-10-27,city_2,9315,347,83,82,93,89,304,78,75,75,76,502,122,129,125,126,212,55,56,51,50
2020-10-28,city_2,9140,365,97,82,95,91,307,75,78,77,77,495,121,126,124,124,215,53,58,50,54
2020-10-29,city_2,9280,350,93,84,85,88,308,77,78,78,75,497,127,120,129,121,222,57,58,53,54
2020-10-30,city_2,9999,348,97,82,87,82,311,79,79,76,77,499,120,129,125,125,218,55,56,56,51
2020-10-31,city_2,9761,354,87,89,86,92,309,75,79,78,77,506,127,127,128,124,215,50,54,52,59
2020-11-01,city_2,9531,347,90,85,85,87,312,79,78,79,76,501,125,124,126,126,220,51,59,53,57
2020-11-02,city_2,9011,338,84,86,87,81,311,75,79,79,78,504,123,129,129,123,216,53,50,58,55
2020-11-03,city_2,9483,368,89,97,98,84,304,77,76,76,75,492,121,122,127,122,223,53,59,53,58
2020-11-04,city_2,9231,358,97,84,88,89,302,75,77,75,75,502,123,125,128,126,213,50,56,51,56
2020-11-05,city_2,9811,380,99,97,89,95,312,79,77,78,78,495,122,121,125,127,221,52,55,58,56
2020-11-06,city_2,9661,354,83,90,92,89,305,75,75,76,79,495,120,127,128,120,225,57,55,59,54
2020-11-07,city_2,9535,369,98,81,93,97,310,75,78,79,78,493,125,120,120,128,217,56,58,50,53
2020-11-08,city_2,9749,359,90,93,89,87,310,77,79,77,77,499,128,124,120,127,207,55,50,52,50
2020-11-09,city_2,9539,365,80,99,89,97,310,78,79,75,78,502,125,127,124,126,212,50,53,58,51
2020-11-10,city_2,9877,334,80,92,80,82,303,75,77,75,76,505,125,129,123,128,219,54,51,58,56
2020-11-11,city_2,9009,346,89,91,81,85,307,79,75,77,76,488,122,121,125,120,222,53,53,58,58
2020-11-12,city_2,9469,375,93,91,94,97,313,76,79,79,79,501,128,123,128,122,206,50,52,54,50
2020-11-13,city_2,9232,343,89,82,86,86,306,75,78,78,75,498,121,126,125,126,229,56,58,57,58
2020-11-14,city_2,9858,352,91,89,84,88,304,77,76,76,75,495,126,120,129,120,221,55,51,56,59
2020-11-15,city_2,9800,358,90,95,81,92,305,75,79,76,75,505,124,127,128,126,217,50,54,58,55
2020-11-16,city_2,9033,357,80,95,92,90,308,78,75,78,77,496,121,127,121,127,223,58,52,55,58
2020-11-17,city_2,9883,349,80,82,94,93,307,77,77,77,76,489,123,120,124,122,216,58,50,56,52
2020-11-18,city_2,9492,364,83,96,94,91,305,75,78,77,75,509,128,127,125,129,215,50,58,57,50
2020-11-19,city_2,9462,348,88,90,88,82,307,77,76,75,79,501,121,127,125,128,219,59,50,55,55
2020-11-20,city_2,9024,347,90,91,81,85,315,79,79,78,79,490,120,125,125,120,210,52,53,54,51
2020-11-21,city_2,9886,371,97,94,84,96,304,76,76,76,76,500,123,124,126,127,219,55,54,52,58
2020-11-22,city_2,9099,374,98,84,96,96,307,78,78,76,75,501,128,124,123,126,228,59,59,57,53
2020-11-23,city_2,9888,351,87,86,97,81,307,75,79,77,76,495,123,122,128,122,224,56,54,55,59
2020-11-24,city_2,9830,351,86,92,83,90,312,76,78,79,79,502,120,126,127,129,214,53,50,58,53
2020-11-25,city_2,9028,365,92,95,88,90,309,79,79,75,76,490,123,123,121,123,228,55,58,59,56
2020-11-26,city_2,9100,352,83,85,90,94,310,79,75,79,77,507,124,127,127,129,215,54,54,56,51
2020-11-27,city_2,9684,351,87,80,91,93,305,75,78,76,76,504,129,125,122,128,223,54,59,53,57
2020-11-28,city_2,9848,357,81,86,92,98,311,78,79,76,78,504,129,125,121,129,224,59,56,58,51
2020-11-29,city_2,9013,369,95,89,93,92,300,75,75,75,75,501,125,127,129,120,223,55,53,56,59
2020-11-30,city_2,9865,359,84,95,99,81,304,75,76,78,75,497,128,121,123,125,208,52,53,50,53
2020-12-01,city_2,9349,354,87,91,80,96,310,76,78,78,78,494,122,123,127,122,212,54,52,53,53
2020-12-02,city_2,9914,361,85,94,88,94,306,77,76,76,77,497,129,125,122,121,216,53,53,56,54
2020-12-03,city_2,9729,376,96,99,84,97,310,75,78,79,78,495,122,121,125,127,216,56,56,50,54
2020-12-04,city_2,9357,357,95,96,82,84,310,79,77,78,76,489,123,120,120,126,213,54,50,58,51
2020-12-05,city_2,9471,358,91,86,88,93,306,77,76,78,75,505,121,126,129,129,224,56,50,59,59
2020-12-06,city_2,9312,357,87,96,87,87,309,77,77,76,79,495,124,126,122,123,209,50,53,56,50
2020-12-07,city_2,9993,376,93,96,99,88,306,77,78,76,75,496,127,123,120,126,222,57,51,57,57
2020-12-08,city_2,9773,350,81,82,94,93,310,78,77,76,79,493,125,127,120,121,217,51,53,54,59
2020-12-09,city_2,9474,360,97,83,98,82,304,75,79,75,75,488,120,121,126,121,216,51,57,57,51
2020-12-10,city_2,9419,346,85,81,93,87,306,79,75,77,75,497,120,126,125,126,211,52,50,53,56
2020-12-11,city_2,9214,343,84,85,87,87,309,77,77,76,79,504,128,128,128,120,225,53,58,57,57
2020-12-12,city_2,9322,382,94,94,96,98,311,78,78,78,77,506,124,125,128,129,223,59,58,52,54
2020-12-13,city_2,9478,375,98,89,92,96,312,78,79,76,79,503,123,123,129,128,206,51,51,54,50
2020-12-14,city_2,9270,350,84,89,85,92,307,78,76,76,77,497,127,124,125,121,214,53,53,51,57
2020-12-15,city_2,9734,358,95,85,88,90,311,78,76,79,78,497,126,123,126,122,218,58,58,50,52
2020-12-16,city_2,9789,374,81,96,98,99,305,78,76,75,76,497,127,122,124,124,228,57,57,56,58
2020-12-17,city_2,9123,381,93,94,95,99,307,76,77,76,78,502,129,123,122,128,221,57,54,51,59
2020-12-18,city_2,9085,370,93,99,95,83,306,76,76,75,79,501,128,120,128,125,220,51,54,56,59
2020-12-19,city_2,9274,354,84,93,81,96,307,77,75,78,77,504,124,127,128,125,218,54,55,53,56
2020-12-20,city_2,9180,368,92,98,92,86,309,79,78,76,76,503,129,126,127,121,218,56,50,59,53
2020-12-21,city_2,9906,356,86,91,81,98,304,78,76,75,75,493,121,120,129,123,220,57,50,58,55
2020-12-22,city_2,9728,338,82,85,88,83,307,79,77,76,75,492,128,121,122,121,223,58,53,57,55
2020-12-23,city_2,9083,354,90,97,87,80,306,77,76,75,78,497,126,126,124,121,226,55,55,59,57
2020-12-24,city_2,9718,381,94,95,93,99,309,78,79,75,77,500,128,122,127,123,227,59,51,59,58
2020-12-25,city_2,9918,361,84,89,94,94,302,76,75,75,76,487,123,120,120,124,213,51,52,51,59
2020-12-26,city_2,9083,365,96,91,94,84,309,77,79,77,76,490,125,122,121,122,225,55,59,54,57
2020-12-27,city_2,9971,362,98,99,85,80,313,78,77,79,79,498,129,123,125,121,213,54,52,56,51
2020-12-28,city_2,9101,359,98,82,94,85,310,77,78,79,76,502,127,127,126,122,220,53,58,51,58
2020-12-29,city_2,9316,372,80,99,98,95,306,79,77,75,75,490,121,121,121,127,216,58,50,51,57
2020-12-30,city_2,9483,354,83,85,94,92,305,79,75,76,75,507,129,127,125,126,218,54,56,56,52
2020-12-31,city_2,9516,359,84,87,99,89,308,75,77,77,79,498,120,126,128,124,219,54,57,50,58
2021-01-01,city_2,9356,349,88,96,80,85,306,75,78,77,76,506,129,126,125,126,212,57,50,53,52
2021-01-02,city_2,9337,359,82,97,97,83,304,75,76,75,78,505,125,125,126,129,216,56,51,52,57
2021-01-03,city_2,9516,362,80,90,98,94,305,77,77,75,76,503,125,128,123,127,225,57,54,59,55
2021-01-04,city_2,9862,364,86,98,93,87,306,75,77,79,75,486,123,120,122,121,221,51,52,59,59
2021-01-05,city_2,9813,366,98,90,93,85,306,77,77,77,75,503,125,129,126,123,215,51,59,50,55
2020-09-29,city_3,9877,363,98,80,91,94,309,77,77,77,78,497,120,121,128,128,216,50,52,59,55
2020-09-30,city_3,9840,366,85,94,89,98,308,79,75,78,76,490,122,123,125,120,215,50,51,59,55
2020-10-01,city_3,9938,380,95,89,98,98,307,76,78,76,77,498,129,121,125,123,212,53,58,50,51
2020-10-02,city_3,9548,370,93,90,96,91,306,75,75,79,77,494,120,128,125,121,227,53,57,58,59
2020-10-03,city_3,9530,367,88,98,95,86,308,77,76,76,79,506,124,125,128,129,226,54,59,59,54
2020-10-04,city_3,9116,355,89,99,82,85,306,76,76,75,79,505,129,125,128,123,235,59,58,59,59
2020-10-05,city_3,9981,356,87,86,84,99,312,79,76,79,78,499,124,129,121,125,225,59,53,59,54
2020-10-06,city_3,9731,352,92,94,85,81,311,79,76,79,77,493,120,126,127,120,228,58,59,53,58
2020-10-07,city_3,9549,351,90,81,91,89,307,79,76,77,75,497,125,122,122,128,226,56,57,54,59
2020-10-08,city_3,9268,354,93,99,81,81,315,78,79,79,79,506,123,127,127,129,213,53,55,53,52
2020-10-09,city_3,9619,358,88,96,85,89,308,76,78,78,76,496,125,120,128,123,230,54,59,58,59
2020-10-10,city_3,9926,358,98,85,90,85,308,75,77,78,78,507,126,125,127,129,226,59,58,52,57
2020-10-11,city_3,9094,348,82,85,97,84,312,79,79,76,78,489,124,120,123,122,215,59,50,56,50
2020-10-12,city_3,9253,368,87,91,97,93,306,75,79,75,77,498,123,121,127,127,224,56,51,59,58
2020-10-13,city_3,9102,357,85,84,98,90,307,77,75,76,79,496,125,121,129,121,214,50,54,56,54
2020-10-14,city_3,9566,342,92,84,80,86,306,78,75,75,78,503,122,125,127,129,213,50,55,58,50
2020-10-15,city_3,9770,365,97,86,98,84,315,79,78,79,79,504,123,126,127,128,225,59,51,56,59
2020-10-16,city_3,9459,367,96,89,95,87,311,79,75,79,78,496,127,123,125,121,229,59,57,54,59
2020-10-17,city_3,9317,357,83,83,97,94,310,77,79,79,75,507,123,129,127,128,212,53,50,58,51
2020-10-18,city_3,9344,352,87,85,88,92,307,75,77,78,77,494,127,120,122,125,222,58,57,53,54
2020-10-19,city_3,9766,354,91,84,93,86,311,79,75,78,79,499,123,124,124,128,206,52,52,50,52
2020-10-20,city_3,9925,359,94,82,89,94,307,78,75,76,78,486,123,122,121,120,209,56,50,52,51
2020-10-21,city_3,9627,350,91,82,86,91,308,76,78,77,77,503,127,125,127,124,218,57,58,50,53
2020-10-22,city_3,9309,325,82,82,80,81,306,79,75,77,75,493,122,126,121,124,224,57,56,56,55
2020-10-23,city_3,9892,360,92,85,97,86,308,79,78,75,76,496,120,121,129,126,216,55,51,53,57
2020-10-24,city_3,9387,355,90,96,82,87,305,75,76,79,75,501,127,122,127,125,212,51,54,51,56
2020-10-25,city_3,9953,369,96,89,93,91,305,76,78,76,75,495,124,120,128,123,219,56,50,54,59
2020-10-26,city_3,9606,364,89,98,94,83,309,76,78,77,78,491,120,121,125,125,209,56,51,52,50
2020-10-27,city_3,9434,368,97,87,95,89,305,75,76,75,79,494,122,123,125,124,215,50,56,58,51
2020-10-28,city_3,9794,347,82,90,86,89,312,78,78,78,78,488,120,125,120,123,213,54,50,52,57
2020-10-29,city_3,9354,350,84,88,96,82,305,75,76,78,76,492,120,126,123,123,220,54,52,57,57
2020-10-30,city_3,9126,365,85,88,96,96,306,75,78,77,76,507,128,125,125,129,210,51,54,51,54
2020-10-31,city_3,9780,344,86,86,80,92,311,79,78,79,75,500,126,128,125,121,215,56,55,54,50
2020-11-01,city_3,9027,348,83,99,85,81,312,79,76,79,78,487,124,120,122,121,212,50,52,54,56
2020-11-02,city_3,9212,357,99,84,83,91,306,75,75,77,79,492,123,123,120,126,218,54,51,56,57
2020-11-03,city_3,9666,365,85,91,99,90,305,75,77,78,75,505,129,122,129,125,219,57,52,52,58
2020-11-04,city_3,9075,357,87,95,87,88,311,75,78,79,79,496,121,127,126,122,223,59,58,54,52
2020-11-05,city_3,9576,354,81,94,84,95,312,78,79,76,79,493,121,122,125,125,215,53,56,50,56
2020-11-06,city_3,9341,350,84,88,85,93,310,79,77,77,77,503,126,128,122,127,217,51,59,53,54
2020-11-07,city_3,9256,367,89,91,93,94,306,77,79,75,75,498,120,122,127,129,217,57,56,53,51
2020-11-08,city_3,9762,367,97,82,93,95,307,77,75,79,76,482,120,120,121,121,212,51,52,52,57
2020-11-09,city_3,9683,357,83,94,94,86,311,77,79,77,78,505,125,123,129,128,213,55,50,52,56
2020-11-10,city_3,9115,348,82,89,90,87,308,78,75,79,76,493,124,121,124,124,224,53,59,56,56
2020-11-11,city_3,9643,351,99,86,81,85,308,77,78,78,75,503,126,121,128,128,224,58,57,51,58
2020-11-12,city_3,9353,361,95,86,87,93,308,77,78,77,76,493,125,121,120,127,222,52,59,54,57
2020-11-13,city_3,9540,380,97,95,99,89,309,76,76,78,79,496,123,121,127,125,213,55,57,51,50
2020-11-14,city_3,9481,350,82,88,82,98,313,78,79,78,78,502,125,123,128,126,219,58,52,56,53
2020-11-15,city_3,9977,336,84,84,83,85,308,77,75,79,77,489,123,123,120,123,225,53,56,58,58
2020-11-16,city_3,9775,345,80,81,90,94,314,79,79,77,79,503,129,127,121,126,219,59,53,54,53
2020-11-17,city_3,9846,357,82,99,88,88,307,78,78,76,75,498,123,128,122,125,226,56,59,52,59
2020-11-18,city_3,9581,359,99,84,86,90,307,75,77,78,77,493,121,124,123,125,213,54,56,51,52
2020-11-19,city_3,9758,349,82,99,85,83,313,78,79,78,78,500,122,129,123,126,213,55,54,51,53
2020-11-20,city_3,9101,356,83,94,88,91,311,79,77,77,78,504,127,128,120,129,222,54,55,59,54
2020-11-21,city_3,9702,340,87,84,85,84,302,76,75,76,75,503,122,128,129,124,219,58,52,51,58
2020-11-22,city_3,9216,370,95,85,99,91,311,78,77,78,78,493,121,123,129,120,214,50,55,51,58
2020-11-23,city_3,9783,340,89,86,83,82,308,78,76,76,78,498,124,125,121,128,217,53,55,54,55
2020-11-24,city_3,9698,382,95,96,99,92,307,77,77,78,75,490,120,124,122,124,219,55,57,51,56
2020-11-25,city_3,9212,350,96,82,81,91,310,78,79,78,75,504,129,124,127,124,213,57,52,52,52
2020-11-26,city_3,9466,364,98,82,85,99,305,76,75,75,79,500,128,121,128,123,218,52,59,50,57
2020-11-27,city_3,9790,353,87,83,91,92,308,75,78,78,77,502,121,125,129,127,218,53,56,55,54
2020-11-28,city_3,9285,361,92,90,80,99,306,75,78,78,75,498,126,120,124,128,216,51,56,54,55
2020-11-29,city_3,9691,349,84,95,89,81,308,79,75,75,79,509,127,125,128,129,223,55,59,53,56
2020-11-30,city_3,9304,373,96,92,90,95,306,78,76,77,75,494,128,121,120,125,219,58,55,53,53
2020-12-01,city_3,9463,344,81,87,81,95,307,79,75,78,75,500,123,125,127,125,220,53,56,53,58
2020-12-02,city_3,9390,365,92,81,98,94,305,76,76,78,75,503,122,126,129,126,215,56,56,53,50
2020-12-03,city_3,9927,333,85,85,80,83,308,78,77,77,76,498,120,120,129,129,214,50,55,58,51
2020-12-04,city_3,9646,374,94,97,93,90,308,78,76,78,76,498,128,129,120,121,221,54,57,54,56
2020-12-05,city_3,9420,349,93,82,90,84,309,75,77,79,78,492,121,120,122,129,212,50,51,57,54
2020-12-06,city_3,9719,349,89,86,85,89,307,76,75,79,77,498,122,126,124,126,208,57,50,51,50
2020-12-07,city_3,9506,360,99,89,91,81,310,79,75,79,77,495,121,124,128,122,208,52,53,53,50
2020-12-08,city_3,9237,359,90,90,90,89,306,75,77,76,78,496,121,129,125,121,209,53,53,51,52
2020-12-09,city_3,9064,367,82,95,94,96,313,79,78,78,78,497,120,124,126,127,224,58,56,53,57
2020-12-10,city_3,9267,367,93,84,94,96,305,76,77,75,77,489,124,122,120,123,225,55,57,58,55
2020-12-11,city_3,9286,369,80,93,99,97,304,75,77,76,76,496,125,127,124,120,220,52,54,55,59
2020-12-12,city_3,9992,361,81,83,99,98,311,77,78,79,77,496,128,120,121,127,216,58,52,52,54
2020-12-13,city_3,9806,367,80,95,97,95,303,78,75,75,75,503,126,125,125,127,216,56,51,54,55
2020-12-14,city_3,9552,369,93,97,91,88,307,78,76,75,78,497,121,126,128,122,212,54,56,51,51
2020-12-15,city_3,9861,359,81,94,87,97,308,77,79,75,77,496,121,124,125,126,219,58,50,54,57
2020-12-16,city_3,9978,360,86,99,88,87,311,78,78,77,78,496,127,122,125,122,219,58,59,52,50
2020-12-17,city_3,9538,358,91,86,83,98,305,77,77,76,75,505,125,124,128,128,211,51,53,50,57
2020-12-18,city_3,9447,376,91,98,94,93,312,77,78,78,79,498,128,120,128,122,226,58,56,58,54
2020-12-19,city_3,9028,357,81,98,85,93,311,77,79,77,78,504,123,128,124,129,225,57,54,59,55
2020-12-20,city_3,9817,384,92,95,99,98,313,78,79,77,79,499,122,125,125,127,208,51,57,50,50
2020-12-21,city_3,9977,364,96,86,94,88,307,75,77,76,79,498,123,126,129,120,224,59,57,58,50
2020-12-22,city_3,9895,332,83,80,80,89,309,78,78,77,76,487,120,123,120,124,221,55,57,54,55
2020-12-23,city_3,9420,352,93,83,93,83,310,77,79,79,75,497,125,128,123,121,215,56,56,51,52
2020-12-24,city_3,9797,363,82,92,98,91,311,79,79,75,78,503,129,123,128,123,210,50,52,56,52
2020-12-25,city_3,9195,358,88,90,87,93,309,79,76,75,79,504,127,129,125,123,222,55,55,59,53
2020-12-26,city_3,9913,355,92,88,81,94,301,75,75,76,75,498,123,124,128,123,222,57,56,59,50
2020-12-27,city_3,9227,366,88,95,87,96,310,78,77,76,79,506,128,125,125,128,223,59,57,54,53
2020-12-28,city_3,9298,361,82,84,96,99,309,75,77,79,78,498,126,126,123,123,214,52,59,51,52
2020-12-29,city_3,9232,359,92,86,90,91,314,78,78,79,79,489,124,121,120,124,214,52,50,59,53
2020-12-30,city_3,9171,359,98,93,81,87,309,78,79,75,77,492,125,120,123,124,225,53,54,59,59
2020-12-31,city_3,9295,351,94,85,92,80,308,76,78,77,77,500,128,128,120,124,215,55,56,54,50
2021-01-01,city_3,9162,359,85,99,82,93,306,75,77,78,76,509,129,128,123,129,214,50,54,55,55
2021-01-02,city_3,9374,354,87,91,85,91,310,75,79,78,78,510,126,128,128,128,216,51,57,55,53
2021-01-03,city_3,9586,363,87,89,97,90,306,75,77,75,79,497,120,124,127,126,219,55,55,58,51
2021-01-04,city_3,9926,336,90,80,82,84,306,76,79,75,76,504,126,127,122,129,212,56,53,52,51
2021-01-05,city_3,9999,349,91,90,83,85,306,79,75,77,75,499,126,123,124,126,221,59,55,51,56
2020-09-29,city_4,9829,354,90,93,90,81,309,76,79,75,79,500,125,120,126,129,219,56,50,54,59
2020-09-30,city_4,9842,372,98,97,89,88,308,76,76,77,79,487,120,123,122,122,214,51,57,56,50
2020-10-01,city_4,9597,363,92,89,83,99,312,78,76,79,79,499,124,125,124,126,219,57,57,50,55
2020-10-02,city_4,9546,362,83,96,90,93,308,76,77,78,77,493,127,120,125,121,222,58,59,50,55
2020-10-03,city_4,9239,360,91,87,86,96,308,79,76,75,78,497,121,124,126,126,215,52,52,56,55
2020-10-04,city_4,9849,353,85,89,92,87,310,76,79,79,76,502,124,123,129,126,210,53,55,52,50
2020-10-05,city_4,9225,375,99,93,94,89,308,76,79,75,78,504,128,125,125,126,211,51,58,51,51
2020-10-06,city_4,9279,362,86,94,91,91,307,79,78,75,75,496,128,124,123,121,220,58,52,59,51
2020-10-07,city_4,9692,370,92,94,87,97,312,79,76,79,78,506,123,129,126,128,219,54,54,58,53
2020-10-08,city_4,9005,371,84,98,90,99,304,78,75,76,75,504,127,129,127,121,217,56,57,50,54
2020-10-09,city_4,9274,363,98,88,80,97,302,76,75,76,75,499,126,125,122,126,217,56,51,55,55
2020-10-10,city_4,9448,362,91,86,88,97,305,78,75,77,75,502,125,127,121,129,223,54,54,57,58
2020-10-11,city_4,9792,351,99,84,81,87,303,77,75,75,76,498,127,123,128,120,219,51,59,58,51
2020-10-12,city_4,9162,352,94,98,80,80,306,78,76,75,77,505,127,129,120,129,224,55,54,59,56
2020-10-13,city_4,9067,344,85,87,90,82,312,79,78,76,79,500,121,128,124,127,220,58,50,54,58
2020-10-14,city_4,9398,347,81,94,87,85,304,77,76,76,75,497,123,125,128,121,215,52,54,58,51
2020-10-15,city_4,9177,345,80,97,84,84,312,79,77,77,79,507,128,125,129,125,216,50,54,56,56
2020-10-16,city_4,9522,362,92,90,81,99,310,76,79,76,79,491,121,122,127,121,214,51,52,54,57
2020-10-17,city_4,9535,358,91,90,96,81,313,78,78,79,78,490,124,125,120,121,221,51,58,57,55
2020-10-18,city_4,9975,370,91,93,93,93,305,76,75,79,75,497,121,124,124,128,227,57,57,55,58
2020-10-19,city_4,9430,370,99,99,85,87,311,77,76,79,79,501,127,129,124,121,232,58,59,59,56
2020-10-20,city_4,9820,355,98,91,82,84,306,75,78,77,76,506,129,128,128,121,216,54,58,53,51
2020-10-21,city_4,9595,341,85,92,80,84,310,77,78,78,77,508,127,129,127,125,216,52,52,58,54
2020-10-22,city_4,9532,362,89,91,92,90,305,78,75,77,75,507,129,126,125,127,224,58,58,52,56
2020-10-23,city_4,9006,345,89,85,81,90,305,77,75,76,77,492,122,120,128,122,222,59,54,58,51
2020-10-24,city_4,9727,358,92,95,89,82,309,75,79,79,76,501,127,126,127,121,221,59,51,53,58
2020-10-25,city_4,9441,356,83,90,93,90,309,77,77,78,77,503,126,126,123,128,226,58,56,59,53
2020-10-26,city_4,9919,369,99,92,89,89,311,79,78,79,75,491,121,120,126,124,215,50,58,51,56
2020-10-27,city_4,9165,372,99,90,97,86,306,79,77,75,75,504,127,128,124,125,214,52,52,57,53
2020-10-28,city_4,9168,350,94,87,82,87,305,76,75,79,75,497,123,124,123,127,224,58,53,54,59
2020-10-29,city_4,9546,371,89,95,93,94,308,78,77,78,75,500,122,128,123,127,217,52,51,58,56
2020-10-30,city_4,9011,354,89,95,80,90,310,75,77,79,79,490,120,123,123,124,223,58,59,55,51
2020-10-31,city_4,9053,350,82,86,90,92,305,76,76,77,76,495,124,121,127,123,214,53,56,54,51
2020-11-01,city_4,9307,352,89,84,94,85,304,75,75,78,76,492,120,128,124,120,213,56,50,53,54
2020-11-02,city_4,9638,367,92,93,95,87,308,77,78,75,78,493,125,122,125,121,208,53,51,50,54
2020-11-03,city_4,9097,369,92,94,86,97,302,75,75,76,76,500,124,123,127,126,220,51,58,56,55
2020-11-04,city_4,9119,358,87,88,90,93,307,79,78,75,75,501,127,126,120,128,226,58,58,59,51
2020-11-05,city_4,9351,364,87,94,84,99,307,75,77,77,78,497,124,129,123,121,212,52,58,52,50
2020-11-06,city_4,9577,360,88,87,97,88,309,79,78,75,77,504,123,125,129,127,221,57,51,54,59
2020-11-07,city_4,9492,351,86,88,83,94,310,77,79,76,78,503,126,120,129,128,207,54,51,52,50
2020-11-08,city_4,9922,376,88,92,97,99,305,79,75,75,76,496,125,125,123,123,215,52,57,50,56
2020-11-09,city_4,9343,349,91,83,83,92,307,75,79,77,76,499,126,121,129,123,216,55,52,57,52
2020-11-10,city_4,9844,343,84,85,81,93,307,78,76,77,76,496,122,126,125,123,210,51,50,53,56
2020-11-11,city_4,9654,339,80,83,96,80,309,75,79,76,79,499,128,122,124,125,216,54,53,56,53
2020-11-12,city_4,9449,362,88,94,98,82,300,75,75,75,75,498,126,125,122,125,221,54,54,58,55
2020-11-13,city_4,9409,362,84,87,92,99,307,75,78,75,79,494,125,120,129,120,217,52,52,54,59
2020-11-14,city_4,9557,359,94,93,85,87,306,76,75,76,79,506,127,129,129,121,208,50,55,50,53
2020-11-15,city_4,9685,344,82,90,89,83,308,76,79,76,77,499,126,124,124,125,219,53,54,57,55
2020-11-16,city_4,9532,342,83,86,93,80,308,76,79,77,76,514,129,129,127,129,223,58,56,54,55
2020-11-17,city_4,9261,358,98,96,84,80,304,75,75,79,75,489,122,120,125,122,221,59,55,51,56
2020-11-18,city_4,9594,355,92,92,85,86,305,76,76,78,75,498,120,129,120,129,223,52,55,59,57
2020-11-19,city_4,9285,358,90,85,88,95,307,78,77,77,75,499,127,124,126,122,224,56,59,54,55
2020-11-20,city_4,9115,360,84,87,97,92,304,75,79,75,75,489,121,121,121,126,212,51,58,52,51
2020-11-21,city_4,9352,341,84,80,82,95,302,75,75,75,77,484,121,120,123,120,220,52,53,58,57
2020-11-22,city_4,9671,357,81,93,91,92,312,77,78,78,79,508,127,128,129,124,216,57,53,50,56
2020-11-23,city_4,9472,360,82,92,88,98,306,78,78,75,75,498,126,122,127,123,216,55,57,50,54
2020-11-24,city_4,9521,382,99,93,94,96,305,75,76,77,77,508,127,129,125,127,206,51,52,53,50
2020-11-25,city_4,9006,340,81,86,85,88,308,75,78,76,79,497,126,120,125,126,216,58,50,51,57
2020-11-26,city_4,9335,356,90,89,96,81,310,78,78,76,78,490,125,121,124,120,202,50,50,51,51
2020-11-27,city_4,9422,354,95,80,95,84,310,77,78,77,78,493,125,120,122,126,210,51,54,55,50
2020-11-28,city_4,9237,353,99,81,93,80,309,79,77,75,78,494,127,122,124,121,214,57,50,53,54
2020-11-29,city_4,9379,346,82,81,90,93,306,78,78,75,75,497,123,126,125,123,209,51,56,50,52
2020-11-30,city_4,9149,377,88,99,98,92,310,78,75,78,79,506,129,129,121,127,213,57,56,50,50
2020-12-01,city_4,9607,356,92,93,84,87,305,75,75,77,78,493,122,120,125,126,217,58,50,52,57
2020-12-02,city_4,9957,374,96,94,87,97,311,76,78,78,79,498,123,125,122,128,222,51,55,58,58
2020-12-03,city_4,9994,363,92,87,85,99,306,75,75,78,78,501,129,128,124,120,211,57,50,50,54
2020-12-04,city_4,9716,377,97,97,89,94,310,79,75,78,78,497,128,125,121,123,227,58,59,55,55
2020-12-05,city_4,9856,368,95,86,96,91,307,76,77,76,78,492,124,124,124,120,229,58,57,56,58
2020-12-06,city_4,9693,373,87,96,99,91,312,79,75,79,79,502,129,128,123,122,221,51,57,56,57
2020-12-07,city_4,9898,361,86,86,95,94,306,76,75,76,79,501,124,123,128,126,218,51,51,59,57
2020-12-08,city_4,9906,369,95,86,95,93,307,76,79,77,75,504,123,129,124,128,219,53,54,55,57
2020-12-09,city_4,9451,350,82,93,83,92,308,77,77,75,79,499,128,122,129,120,229,53,59,58,59
2020-12-10,city_4,9172,346,88,81,91,86,307,76,78,77,76,498,128,123,121,126,215,54,56,55,50
2020-12-11,city_4,9743,350,90,93,87,80,304,76,77,75,76,498,128,122,126,122,224,58,57,54,55
2020-12-12,city_4,9905,350,92,80,92,86,311,75,79,78,79,495,122,128,124,121,214,50,56,57,51
2020-12-13,city_4,9365,358,86,92,98,82,310,78,79,77,76,503,125,128,127,123,221,57,55,56,53
2020-12-14,city_4,9164,347,89,81,95,82,311,78,78,78,77,496,120,126,122,128,206,51,50,50,55
2020-12-15,city_4,9779,373,92,98,97,86,306,76,77,77,76,500,127,124,122,127,217,55,52,53,57
2020-12-16,city_4,9753,359,85,92,86,96,303,75,76,75,77,498,120,129,123,126,209,52,53,53,51
2020-12-17,city_4,9491,369,98,89,83,99,306,77,76,75,78,496,120,125,127,124,221,56,56,52,57
2020-12-18,city_4,9339,353,93,82,91,87,311,78,78,76,79,500,127,122,129,122,216,54,50,55,57
2020-12-19,city_4,9474,358,85,92,82,99,305,75,78,76,76,500,124,122,126,128,219,55,53,52,59
2020-12-20,city_4,9728,360,95,96,82,87,309,77,75,79,78,507,122,128,129,128,228,58,57,58,55
2020-12-21,city_4,9944,348,87,83,87,91,306,78,77,76,75,489,121,120,122,126,216,51,58,57,50
2020-12-22,city_4,9369,363,90,84,98,91,305,77,76,77,75,494,123,124,122,125,214,53,54,50,57
2020-12-23,city_4,9998,361,88,86,88,99,310,76,77,78,79,502,127,128,125,122,223,53,59,53,58
2020-12-24,city_4,9993,365,95,83,90,97,302,76,76,75,75,497,120,128,120,129,212,50,52,58,52
2020-12-25,city_4,9049,359,94,86,94,85,303,75,76,76,76,502,123,127,124,128,211,51,55,50,55
2020-12-26,city_4,9093,367,86,91,96,94,309,76,76,79,78,492,126,120,126,120,226,55,55,58,58
2020-12-27,city_4,9826,374,95,82,99,98,303,75,75,76,77,489,121,125,123,120,215,55,54,51,55
2020-12-28,city_4,9347,361,82,98,84,97,308,77,75,79,77,505,129,122,127,127,213,52,55,56,50
2020-12-29,city_4,9006,356,84,95,82,95,303,75,77,75,76,502,127,123,128,124,221,53,53,56,59
2020-12-30,city_4,9049,368,90,98,91,89,310,79,78,76,77,497,122,126,129,120,219,51,56,53,59
2020-12-31,city_4,9859,370,91,92,90,97,310,76,79,79,76,490,120,128,121,121,214,54,51,58,51
2021-01-01,city_4,9634,372,90,96,87,99,312,76,79,79,78,503,121,125,129,128,216,51,53,53,59
2021-01-02,city_4,9015,358,80,98,93,87,304,77,75,75,77,501,125,121,128,127,214,53,56,55,50
2021-01-03,city_4,9459,357,85,88,98,86,303,76,76,75,76,504,129,121,128,126,223,51,58,55,59
2021-01-04,city_4,9821,356,81,97,94,84,306,78,75,77,76,505,126,127,124,128,218,53,52,55,58
2021-01-05,city_4,9194,366,88,98,96,84,313,77,78,79,79,502,126,128,123,125,222,55,57,55,55
2020-09-29,city_5,9826,370,94,99,92,85,310,76,77,79,78,509,129,125,127,128,219,50,59,51,59
2020-09-30,city_5,9045,349,94,82,89,84,304,75,77,75,77,506,127,128,129,122,220,52,52,58,58
2020-10-01,city_5,9115,353,92,98,81,82,310,76,78,78,78,495,128,120,120,127,215,56,52,56,51
2020-10-02,city_5,9709,370,87,95,89,99,304,76,75,75,78,497,123,123,125,126,208,52,50,56,50
2020-10-03,city_5,9505,385,98,97,95,95,304,75,76,76,77,492,123,126,122,121,226,57,59,54,56
2020-10-04,city_5,9708,374,95,96,89,94,304,76,76,76,76,498,120,126,125,127,213,52,51,59,51
2020-10-05,city_5,9533,355,98,90,84,83,306,76,75,77,78,494,123,121,121,129,215,56,50,53,56
2020-10-06,city_5,9329,358,82,97,88,91,307,78,75,77,77,496,123,127,126,120,210,52,51,56,51
2020-10-07,city_5,9249,352,95,91,82,84,307,77,76,77,77,496,128,125,123,120,213,53,52,56,52
2020-10-08,city_5,9967,360,88,90,94,88,306,78,77,76,75,502,129,125,122,126,222,54,54,56,58
2020-10-09,city_5,9396,345,87,97,80,81,307,77,75,76,79,498,123,128,123,124,216,52,57,55,52
2020-10-10,city_5,9910,357,99,82,87,89,310,79,77,78,76,503,126,129,124,124,225,56,53,59,57
2020-10-11,city_5,9099,363,98,91,87,87,311,76,77,79,79,502,125,124,126,127,216,53,55,58,50
2020-10-12,city_5,9999,374,87,92,99,96,309,79,77,78,75,501,128,122,125,126,216,53,51,57,55
2020-10-13,city_5,9174,365,95,89,92,89,307,79,76,77,75,500,124,123,129,124,234,59,58,59,58
2020-10-14,city_5,9507,340,90,83,86,81,309,78,79,76,76,498,124,123,125,126,217,56,55,51,55
2020-10-15,city_5,9855,379,95,89,98,97,305,75,79,76,75,496,124,129,120,123,218,50,58,55,55
2020-10-16,city_5,9297,358,97,87,93,81,306,75,79,76,76,499,125,128,122,124,204,52,50,52,50
2020-10-17,city_5,9849,344,90,89,82,83,309,77,76,79,77,488,124,121,121,122,217,51,57,55,54
2020-10-18,city_5,9567,356,96,86,87,87,312,79,78,79,76,500,126,124,121,129,219,50,51,59,59
2020-10-19,city_5,9861,377,99,97,84,97,309,76,75,79,79,494,123,120,122,129,213,51,59,53,50
2020-10-20,city_5,9588,346,84,85,81,96,310,76,79,76,79,499,128,122,123,126,216,54,50,53,59
2020-10-21,city_5,9970,355,96,85,89,85,302,76,75,75,76,504,122,128,128,126,222,55,55,56,56
2020-10-22,city_5,9364,372,95,92,93,92,305,78,76,76,75,500,124,126,126,124,210,51,56,52,51
2020-10-23,city_5,9588,366,97,97,86,86,312,79,79,76,78,496,124,128,121,123,209,58,50,50,51
2020-10-24,city_5,9310,358,83,92,98,85,307,76,79,75,77,499,126,124,122,127,223,57,54,58,54
2020-10-25,city_5,9744,372,83,98,92,99,311,75,79,79,78,493,120,120,128,125,215,51,50,57,57
2020-10-26,city_5,9041,350,90,82,94,84,307,78,75,78,76,494,123,125,120,126,223,58,57,58,50
2020-10-27,city_5,9956,350,97,88,80,85,307,76,76,76,79,499,122,129,122,126,230,57,58,58,57
2020-10-28,city_5,9809,350,80,85,96,89,308,75,78,76,79,489,123,125,121,120,217,53,57,52,55
2020-10-29,city_5,9693,357,93,90,81,93,310,75,78,78,79,501,123,121,128,129,218,50,54,56,58
2020-10-30,city_5,9556,367,98,85,97,87,311,79,76,79,77,498,121,129,126,122,205,52,51,52,50
2020-10-31,city_5,9608,356,86,92,94,84,308,76,75,79,78,504,127,124,128,125,214,57,51,55,51
2020-11-01,city_5,9077,347,83,82,96,86,312,79,78,79,76,501,127,124,124,126,221,59,53,50,59
2020-11-02,city_5,9899,347,90,94,83,80,310,75,78,78,79,505,124,123,129,129,224,57,58,54,55
2020-11-03,city_5,9524,365,94,94,94,83,307,75,77,78,77,488,125,121,122,120,216,56,53,57,50
2020-11-04,city_5,9980,371,92,92,96,91,305,75,76,76,78,497,120,125,125,127,218,52,55,59,52
2020-11-05,city_5,9690,372,90,95,95,92,308,78,76,75,79,505,128,124,124,129,207,52,52,51,52
2020-11-06,city_5,9537,345,85,84,80,96,306,75,75,79,77,502,128,124,121,129,214,54,53,50,57
2020-11-07,city_5,9260,359,91,90,90,88,302,75,75,77,75,494,125,127,121,121,224,53,55,59,57
2020-11-08,city_5,9617,355,80,95,93,87,313,79,78,77,79,507,128,125,129,125,223,59,58,56,50
2020-11-09,city_5,9788,363,96,91,87,89,306,77,75,78,76,487,120,120,126,121,219,57,50,59,53
2020-11-10,city_5,9900,355,93,82,87,93,310,79,77,75,79,485,120,125,120,120,219,53,53,58,55
2020-11-11,city_5,9630,373,86,92,98,97,311,78,77,78,78,501,124,129,123,125,215,50,55,58,52
2020-11-12,city_5,9181,358,83,93,85,97,309,76,79,79,75,492,123,124,123,122,222,58,54,54,56
2020-11-13,city_5,9312,358,84,92,90,92,308,78,77,76,77,490,121,126,123,120,222,57,55,51,59
2020-11-14,city_5,9050,347,82,87,91,87,306,75,78,76,77,502,125,127,126,124,221,56,56,53,56
2020-11-15,city_5,9659,368,90,94,97,87,306,76,76,78,76,494,121,128,124,121,212,52,51,58,51
2020-11-16,city_5,9682,338,80,85,88,85,307,77,76,79,75,505,124,125,127,129,232,59,59,55,59
2020-11-17,city_5,9068,366,90,91,96,89,309,76,78,79,76,502,125,123,126,128,213,50,54,59,50
2020-11-18,city_5,9658,353,96,88,85,84,306,79,75,76,76,493,121,121,126,125,210,50,55,51,54
2020-11-19,city_5,9617,371,97,92,96,86,312,79,79,79,75,503,125,129,126,123,234,59,58,58,59
2020-11-20,city_5,9074,341,89,89,81,82,309,77,79,76,77,497,126,122,120,129,213,59,53,51,50
2020-11-21,city_5,9755,357,89,97,85,86,308,77,75,77,79,498,122,125,124,127,215,50,55,54,56
2020-11-22,city_5,9059,362,91,95,85,91,304,75,78,75,76,507,127,128,124,128,217,51,54,57,55
2020-11-23,city_5,9016,387,97,99,94,97,304,76,77,76,75,499,128,122,122,127,205,50,54,50,51
2020-11-24,city_5,9739,352,88,94,87,83,306,75,79,75,77,493,125,122,121,125,226,58,56,57,55
2020-11-25,city_5,9824,366,95,83,96,92,311,78,79,75,79,492,129,123,120,120,219,56,55,50,58
2020-11-26,city_5,9137,343,85,81,94,83,308,78,78,75,77,486,120,122,123,121,214,55,54,53,52
2020-11-27,city_5,9939,349,83,86,96,84,309,77,79,75,78,493,126,121,122,124,223,54,56,57,56
2020-11-28,city_5,9138,366,88,98,98,82,307,77,78,77,75,486,123,121,122,120,210,50,51,51,58
2020-11-29,city_5,9761,356,96,88,90,82,310,76,77,78,79,491,124,123,123,121,230,57,56,59,58
2020-11-30,city_5,9350,366,93,92,86,95,309,75,79,79,76,493,121,120,124,128,221,52,57,58,54
2020-12-01,city_5,9371,361,90,92,86,93,304,79,75,75,75,499,122,129,120,128,219,51,57,59,52
2020-12-02,city_5,9235,365,86,84,98,97,310,79,78,78,75,504,127,129,122,126,215,51,56,57,51
2020-12-03,city_5,9210,345,81,89,95,80,305,79,75,75,76,501,120,126,129,126,233,58,59,58,58
2020-12-04,city_5,9560,344,80,81,93,90,310,77,79,79,75,492,123,127,122,120,218,55,59,54,50
2020-12-05,city_5,9526,345,96,83,85,81,308,75,75,79,79,498,122,126,128,122,222,59,53,51,59
2020-12-06,city_5,9011,374,94,97,88,95,305,78,75,77,75,503,125,128,121,129,212,57,50,52,53
2020-12-07,city_5,9849,363,93,80,94,96,305,78,77,75,75,507,128,129,127,123,231,55,59,58,59
2020-12-08,city_5,9605,344,81,83,91,89,306,77,76,75,78,503,125,125,126,127,216,53,58,50,55
2020-12-09,city_5,9128,358,85,92,99,82,310,78,78,76,78,492,123,127,122,120,214,56,52,55,51
2020-12-10,city_5,9490,340,93,80,87,80,308,79,75,76,78,500,128,125,125,122,213,50,52,58,53
2020-12-11,city_5,9721,372,97,80,97,98,303,77,76,75,75,506,124,128,128,126,206,55,50,51,50
2020-12-12,city_5,9163,346,83,97,82,84,302,75,75,77,75,512,128,128,128,128,220,59,56,50,55
2020-12-13,city_5,9489,367,88,88,94,97,310,75,77,79,79,496,121,127,121,127,225,57,53,56,59
2020-12-14,city_5,9669,344,90,85,85,84,307,77,76,77,77,500,129,120,128,123,211,50,53,57,51
2020-12-15,city_5,9116,342,85,90,83,84,309,78,75,79,77,499,123,128,127,121,211,51,54,51,55
2020-12-16,city_5,9717,367,84,96,99,88,310,77,77,79,77,490,127,121,121,121,230,56,57,58,59
2020-12-17,city_5,9344,358,87,87,95,89,311,77,79,77,78,490,123,126,120,121,219,57,53,53,56
2020-12-18,city_5,9564,367,87,94,89,97,310,78,79,76,77,496,126,124,121,125,218,59,54,51,54
2020-12-19,city_5,9300,360,95,90,92,83,309,79,77,78,75,499,129,123,126,121,204,50,50,50,54
2020-12-20,city_5,9811,392,99,95,99,99,306,75,79,76,76,504,123,127,127,127,221,56,51,59,55
2020-12-21,city_5,9254,374,91,94,93,96,312,76,78,79,79,506,128,125,129,124,218,57,52,54,55
2020-12-22,city_5,9051,361,94,91,85,91,310,79,77,78,76,491,125,122,122,122,220,58,57,54,51
2020-12-23,city_5,9749,355,98,82,91,84,305,76,75,79,75,507,129,125,125,128,214,56,53,53,52
2020-12-24,city_5,9306,349,89,91,81,88,309,79,79,76,75,499,129,122,126,122,218,56,57,52,53
2020-12-25,city_5,9618,347,91,91,80,85,313,79,79,77,78,502,124,125,126,127,220,55,54,58,53
2020-12-26,city_5,9169,348,85,82,99,82,309,79,76,78,76,498,126,124,120,128,215,52,57,50,56
2020-12-27,city_5,9521,359,80,98,86,95,306,76,76,78,76,492,121,122,129,120,211,51,56,54,50
2020-12-28,city_5,9281,358,99,81,82,96,309,77,79,78,75,492,122,127,122,121,214,54,55,53,52
2020-12-29,city_5,9086,345,83,89,84,89,306,77,77,77,75,499,124,124,127,124,219,56,54,57,52
2020-12-30,city_5,9074,375,90,96,93,96,308,76,78,75,79,499,128,124,122,125,221,59,56,51,55
2020-12-31,city_5,9505,350,81,98,88,83,308,75,77,77,79,490,120,120,129,121,220,58,50,57,55
2021-01-01,city_5,9986,369,99,92,87,91,308,79,77,76,76,494,125,123,122,124,217,55,52,51,59
2021-01-02,city_5,9779,354,81,86,91,96,306,78,76,75,77,488,122,121,122,123,223,53,56,59,55
2021-01-03,city_5,9607,357,81,97,85,94,313,79,79,79,76,496,120,127,123,126,228,59,51,59,59
2021-01-04,city_5,9435,375,86,97,99,93,310,79,75,79,77,503,126,126,126,125,219,54,59,52,54
2021-01-05,city_5,9604,370,90,91,93,96,311,78,78,79,76,500,124,122,125,129,223,55,59,52,57
2020-09-29,city_6,9411,365,98,89,81,97,309,79,76,76,78,499,122,121,129,127,215,53,52,58,52
2020-09-30,city_6,9336,359,92,81,92,94,311,76,79,78,78,498,128,121,126,123,220,55,56,51,58
2020-10-01,city_6,9401,344,80,86,92,86,305,75,75,79,76,489,126,121,122,120,217,58,57,51,51
2020-10-02,city_6,9523,368,91,95,92,90,307,76,75,79,77,501,128,123,125,125,213,50,58,50,55
2020-10-03,city_6,9202,354,88,80,91,95,305,76,76,75,78,495,126,120,128,121,216,57,54,54,51
2020-10-04,city_6,9263,328,80,81,83,84,313,78,79,78,78,490,121,120,128,121,225,58,52,59,56
2020-10-05,city_6,9612,345,84,82,83,96,311,78,79,77,77,485,124,121,120,120,221,58,59,52,52
2020-10-06,city_6,9863,369,95,90,86,98,304,75,77,76,76,509,129,127,128,125,223,59,53,58,53
2020-10-07,city_6,9846,370,99,98,86,87,312,78,79,76,79,499,123,127,123,126,222,59,55,52,56
2020-10-08,city_6,9147,343,98,80,81,84,310,76,77,78,79,496,120,125,123,128,221,58,50,59,54
2020-10-09,city_6,9725,372,85,97,99,91,301,75,75,75,76,494,125,127,122,120,215,50,58,57,50
2020-10-10,city_6,9163,372,92,93,96,91,310,78,78,79,75,492,124,120,120,128,206,51,51,53,51
2020-10-11,city_6,9980,361,98,96,85,82,312,77,79,79,77,500,126,126,123,125,222,56,58,53,55
2020-10-12,city_6,9180,345,84,81,97,83,309,75,79,77,78,491,124,122,123,122,219,51,59,59,50
2020-10-13,city_6,9134,345,88,83,80,94,310,78,76,77,79,491,122,125,123,121,210,57,51,51,51
2020-10-14,city_6,9281,352,82,98,85,87,315,79,79,78,79,498,128,120,128,122,207,51,52,53,51
2020-10-15,city_6,9167,333,86,80,82,85,309,75,79,79,76,494,120,126,124,124,209,50,52,56,51
2020-10-16,city_6,9993,354,83,83,91,97,310,78,75,79,78,504,127,121,129,127,214,51,54,59,50
2020-10-17,city_6,9097,367,93,85,92,97,308,79,78,76,75,494,123,123,126,122,217,59,57,51,50
2020-10-18,city_6,9291,333,81,87,80,85,305,75,77,78,75,491,125,123,123,120,222,53,57,57,55
2020-10-19,city_6,9728,355,96,90,83,86,304,76,76,75,77,508,128,128,129,123,221,59,50,55,57
2020-10-20,city_6,9581,344,88,82,83,91,309,75,76,79,79,503,127,123,129,124,222,56,51,57,58
2020-10-21,city_6,9499,368,97,80,99,92,309,78,77,78,76,499,120,125,127,127,216,57,56,51,52
2020-10-22,city_6,9758,367,89,93,89,96,308,79,77,76,76,493,128,123,120,122,213,57,51,50,55
2020-10-23,city_6,9441,363,95,81,89,98,305,77,76,75,77,497,123,122,123,129,207,52,54,50,51
2020-10-24,city_6,9711,376,94,89,99,94,308,79,75,79,75,500,129,129,121,121,209,58,50,50,51
2020-10-25,city_6,9234,352,87,87,88,90,311,78,79,75,79,487,120,126,120,121,228,56,59,59,54
2020-10-26,city_6,9095,393,99,97,99,98,311,76,79,78,78,504,127,123,126,128,216,51,54,53,58
2020-10-27,city_6,9167,369,93,89,90,97,307,77,76,78,76,498,125,125,127,121,207,52,52,53,50
2020-10-28,city_6,9288,366,82,99,96,89,310,77,79,79,75,491,120,122,127,122,225,59,58,56,52
2020-10-29,city_6,9708,356,81,93,83,99,308,77,77,79,75,497,128,125,121,123,221,57,55,57,52
2020-10-30,city_6,9176,379,98,91,96,94,304,77,75,77,75,504,125,128,127,124,218,54,53,56,55
2020-10-31,city_6,9892,372,97,95,95,85,313,76,79,79,79,500,122,124,128,126,215,57,55,53,50
2020-11-01,city_6,9454,350,91,86,86,87,305,77,75,78,75,506,128,123,127,128,218,52,55,54,57
2020-11-02,city_6,9132,351,85,82,99,85,305,76,76,77,76,497,126,124,126,121,217,54,59,54,50
2020-11-03,city_6,9538,348,92,80,87,89,307,78,77,75,77,494,129,120,125,120,217,50,53,57,57
2020-11-04,city_6,9999,347,92,87,87,81,305,75,79,76,75,503,126,127,125,125,218,57,55,55,51
2020-11-05,city_6,9803,349,96,81,85,87,307,76,78,76,77,496,125,126,123,122,223,51,56,59,57
2020-11-06,city_6,9459,352,85,87,93,87,307,79,75,78,75,507,128,123,129,127,212,55,52,51,54
2020-11-07,city_6,9663,373,96,91,96,90,307,76,78,76,77,499,121,126,129,123,230,57,58,59,56
2020-11-08,city_6,9334,377,99,94,89,95,312,79,77,78,78,480,120,120,120,120,219,55,50,55,59
2020-11-09,city_6,9936,369,93,97,94,85,309,79,75,78,77,502,125,122,126,129,223,57,51,59,56
2020-11-10,city_6,9398,348,80,94,89,85,312,77,78,79,78,506,125,126,129,126,213,52,53,52,56
2020-11-11,city_6,9871,370,88,97,89,96,312,77,78,78,79,501,127,128,126,120,215,50,58,50,57
2020-11-12,city_6,9634,348,84,95,81,88,311,76,79,79,77,505,124,128,128,125,215,52,55,55,53
2020-11-13,city_6,9985,357,80,94,84,99,304,77,77,75,75,499,127,122,122,128,217,50,57,57,53
2020-11-14,city_6,9223,370,95,86,97,92,305,76,76,78,75,501,128,122,127,124,218,51,52,57,58
2020-11-15,city_6,9106,350,85,85,95,85,307,77,76,79,75,494,125,124,121,124,218,55,52,54,57
2020-11-16,city_6,9154,339,83,83,85,88,310,79,78,75,78,499,124,123,125,127,213,54,52,57,50
2020-11-17,city_6,9885,354,82,86,91,95,303,75,76,75,77,494,120,120,129,125,212,54,53,55,50
2020-11-18,city_6,9337,358,90,93,89,86,308,75,76,79,78,492,129,120,122,121,208,54,54,50,50
2020-11-19,city_6,9636,364,94,89,95,86,305,75,75,78,77,502,129,121,129,123,220,54,59,51,56
2020-11-20,city_6,9676,347,88,81,95,83,305,77,75,78,75,489,123,122,120,124,222,57,54,55,56
2020-11-21,city_6,9853,348,80,93,88,87,304,75,75,78,76,501,129,124,125,123,216,55,56,51,54
2020-11-22,city_6,9633,361,96,83,95,87,303,77,75,76,75,498,121,129,128,120,218,51,56,58,53
2020-11-23,city_6,9611,343,83,83,93,84,304,75,75,79,75,501,125,120,129,127,223,57,57,52,57
2020-11-24,city_6,9129,358,96,82,94,86,308,79,76,77,76,494,122,126,125,121,218,54,54,52,58
2020-11-25,city_6,9101,332,81,89,82,80,311,79,77,77,78,503,125,128,125,125,219,52,56,52,59
2020-11-26,city_6,9559,363,85,99,89,90,308,76,77,78,77,496,121,124,122,129,216,59,52,51,54
2020-11-27,city_6,9546,357,94,95,82,86,310,79,77,76,78,500,129,126,120,125,218,54,51,55,58
2020-11-28,city_6,9428,371,97,84,91,99,311,76,78,79,78,495,129,120,120,126,212,52,53,57,50
2020-11-29,city_6,9313,331,82,81,88,80,310,78,78,79,75,493,125,121,122,125,218,55,54,54,55
2020-11-30,city_6,9162,371,81,95,99,96,307,78,77,75,77,488,121,122,122,123,219,57,58,51,53
2020-12-01,city_6,9417,361,85,82,98,96,308,78,75,76,79,500,125,124,126,125,214,58,53,52,51
2020-12-02,city_6,9720,358,87,92,89,90,312,77,78,78,79,503,125,125,128,125,212,59,51,51,51
2020-12-03,city_6,9664,363,94,86,94,89,311,79,77,77,78,493,120,123,129,121,218,53,53,53,59
2020-12-04,city_6,9290,368,90,96,96,86,310,75,77,79,79,493,122,121,121,129,212,55,50,55,52
2020-12-05,city_6,9656,379,95,99,97,88,310,79,77,79,75,492,122,121,124,125,224,56,53,58,57
2020-12-06,city_6,9593,340,82,81,88,89,307,77,75,76,79,494,125,120,123,126,222,56,58,53,55
2020-12-07,city_6,9697,351,96,82,84,89,309,79,78,76,76,492,120,128,123,121,215,50,52,59,54
2020-12-08,city_6,9512,344,82,80,95,87,305,75,77,76,77,488,120,128,120,120,216,52,54,57,53
2020-12-09,city_6,9235,355,83,88,88,96,307,78,75,75,79,511,126,129,127,129,226,58,56,58,54
2020-12-10,city_6,9309,342,80,81,99,82,304,75,77,75,77,493,126,122,121,124,214,51,54,53,56
2020-12-11,city_6,9193,356,81,99,87,89,307,75,77,78,77,496,123,121,128,124,223,57,57,55,54
2020-12-12,city_6,9559,366,91,92,97,86,306,78,78,75,75,488,125,123,120,120,209,50,54,53,52
2020-12-13,city_6,9790,349,83,89,90,87,306,75,77,75,79,495,126,122,123,124,212,52,53,53,54
2020-12-14,city_6,9361,360,86,97,95,82,312,78,79,77,78,499,125,127,121,126,225,56,53,57,59
2020-12-15,city_6,9750,373,82,98,99,94,308,76,76,77,79,502,128,126,122,126,217,59,52,50,56
2020-12-16,city_6,9267,370,99,85,97,89,308,77,78,75,78,493,121,125,122,125,211,53,51,55,52
2020-12-17,city_6,9294,340,86,85,88,81,303,75,75,76,77,496,120,129,126,121,215,57,53,52,53
2020-12-18,city_6,9720,364,93,93,89,89,314,78,79,79,78,508,127,129,128,124,218,53,54,55,56
2020-12-19,city_6,9958,378,90,92,99,97,308,78,77,76,77,487,123,121,123,120,223,56,55,54,58
2020-12-20,city_6,9778,354,84,90,99,81,305,76,79,75,75,503,125,121,129,128,224,52,56,58,58
2020-12-21,city_6,9983,341,85,83,89,84,312,77,78,79,78,501,126,120,126,129,224,58,58,55,53
2020-12-22,city_6,9376,368,89,89,93,97,305,78,76,75,76,489,125,120,124,120,223,56,53,58,56
2020-12-23,city_6,9854,358,83,98,84,93,311,79,79,77,76,490,120,120,123,127,217,58,54,53,52
2020-12-24,city_6,9849,348,85,84,82,97,306,77,75,79,75,491,123,121,127,120,221,57,57,53,54
2020-12-25,city_6,9446,362,81,92,97,92,307,77,77,78,75,492,122,125,123,122,205,51,51,53,50
2020-12-26,city_6,9171,353,92,87,90,84,313,78,77,79,79,498,121,124,128,125,218,52,53,54,59
2020-12-27,city_6,9978,350,91,88,89,82,307,76,76,78,77,502,123,121,129,129,226,57,59,55,55
2020-12-28,city_6,9412,339,85,80,94,80,309,78,77,78,76,500,125,128,127,120,224,58,53,59,54
2020-12-29,city_6,9915,368,92,88,99,89,313,79,79,76,79,505,129,120,127,129,217,54,54,56,53
2020-12-30,city_6,9165,357,99,82,94,82,311,77,77,78,79,501,125,124,129,123,216,50,59,50,57
2020-12-31,city_6,9043,358,92,88,82,96,305,75,78,76,76,498,124,129,120,125,216,58,55,51,52
2021-01-01,city_6,9802,367,85,99,92,91,303,77,75,75,76,490,121,120,122,127,218,59,56,53,50
2021-01-02,city_6,9482,347,93,84,88,82,307,77,78,75,77,499,126,122,122,129,225,57,51,58,59
2021-01-03,city_6,9878,348,88,92,85,83,315,78,79,79,79,491,120,124,124,123,213,58,50,51,54
2021-01-04,city_6,9610,359,85,91,90,93,313,77,78,79,79,494,124,128,120,122,216,55,53,52,56
2021-01-05,city_6,9737,365,95,96,80,94,305,76,75,78,76,487,120,124,120,123,212,50,50,57,55
2020-09-29,city_7,9431,355,83,90,91,91,308,77,75,77,79,490,120,127,123,120,225,59,59,52,55
2020-09-30,city_7,9969,381,96,95,93,97,309,77,78,76,78,505,129,125,126,125,211,59,50,50,52
2020-10-01,city_7,9511,352,89,82,82,99,306,79,77,75,75,493,123,127,121,122,220,56,57,57,50
2020-10-02,city_7,9944,348,88,82,92,86,312,79,79,76,78,498,125,127,120,126,207,52,53,52,50
2020-10-03,city_7,9972,358,85,90,84,99,307,77,76,77,77,503,124,128,122,129,218,50,57,57,54
2020-10-04,city_7,9269,383,96,95,99,93,306,76,77,78,75,489,123,121,123,122,222,59,55,58,50
2020-10-05,city_7,9567,369,90,97,83,99,310,78,78,76,78,501,125,123,129,124,212,53,54,55,50
2020-10-06,city_7,9362,372,82,96,97,97,310,77,78,78,77,500,127,124,127,122,217,54,54,50,59
2020-10-07,city_7,9396,358,90,95,85,88,309,79,77,75,78,500,124,120,127,129,217,55,57,54,51
2020-10-08,city_7,9693,361,92,84,92,93,310,75,78,78,79,497,129,123,123,122,221,56,50,58,57
2020-10-09,city_7,9897,339,83,85,86,85,309,79,77,77,76,500,120,128,126,126,208,55,50,50,53
2020-10-10,city_7,9346,361,87,88,87,99,311,78,76,79,78,491,121,121,121,128,210,50,50,52,58
2020-10-11,city_7,9590,349,81,97,80,91,309,78,78,75,78,500,123,122,129,126,215,54,56,50,55
2020-10-12,city_7,9498,337,84,82,80,91,310,77,77,78,78,502,128,122,129,123,221,56,52,54,59
2020-10-13,city_7,9525,342,80,87,92,83,310,76,79,77,78,489,124,124,120,121,217,50,54,59,54
2020-10-14,city_7,9093,343,91,84,88,80,307,77,76,77,77,496,123,121,129,123,225,58,53,55,59
2020-10-15,city_7,9508,364,97,81,89,97,310,77,76,78,79,490,122,126,121,121,222,53,58,55,56
2020-10-16,city_7,9754,343,84,91,88,80,313,78,78,78,79,486,122,123,121,120,222,56,54,53,59
2020-10-17,city_7,9972,360,88,97,86,89,313,78,79,79,77,503,127,125,122,129,206,52,50,50,54
2020-10-18,city_7,9818,383,96,94,98,95,310,78,76,77,79,497,122,122,127,126,220,57,54,52,57
2020-10-19,city_7,9887,338,87,81,81,89,313,77,78,79,79,493,125,123,120,125,209,50,57,52,50
2020-10-20,city_7,9702,362,88,88,99,87,305,76,75,76,78,501,128,122,126,125,221,52,59,52,58
2020-10-21,city_7,9892,365,90,96,87,92,306,76,78,77,75,503,127,126,123,127,213,59,52,51,51
2020-10-22,city_7,9464,379,97,95,91,96,310,77,78,76,79,497,127,128,120,122,217,57,51,53,56
2020-10-23,city_7,9749,359,95,83,99,82,309,77,78,78,76,493,120,120,126,127,218,53,52,59,54
2020-10-24,city_7,9917,377,98,94,91,94,306,77,75,79,75,495,121,128,125,121,213,58,51,54,50
2020-10-25,city_7,9519,369,95,86,96,92,311,79,75,78,79,500,126,127,121,126,219,56,56,52,55
2020-10-26,city_7,9219,349,87,87,94,81,304,77,77,75,75,500,122,127,128,123,224,57,59,52,56
2020-10-27,city_7,9971,346,96,87,82,81,304,75,77,75,77,499,125,126,124,124,215,54,57,54,50
2020-10-28,city_7,9432,351,82,92,94,83,310,77,76,78,79,505,127,121,128,129,217,57,53,51,56
2020-10-29,city_7,9566,354,98,88,86,82,310,78,79,78,75,496,121,121,126,128,212,51,53,50,58
2020-10-30,city_7,9867,355,89,97,80,89,309,77,75,78,79,492,120,126,121,125,218,53,54,57,54
2020-10-31,city_7,9636,366,86,99,99,82,306,77,76,77,76,507,126,124,129,128,223,59,52,53,59
2020-11-01,city_7,9009,350,90,93,86,81,307,78,75,76,78,505,128,127,123,127,210,50,56,50,54
2020-11-02,city_7,9153,345,81,80,86,98,308,75,79,76,78,494,120,125,125,124,218,50,59,57,52
2020-11-03,city_7,9508,372,93,99,87,93,306,76,77,76,77,496,122,121,124,129,216,59,50,55,52
2020-11-04,city_7,9353,381,98,89,98,96,312,79,79,75,79,499,122,128,120,129,211,57,50,52,52
2020-11-05,city_7,9599,350,80,88,96,86,309,77,78,79,75,488,121,121,126,120,226,58,59,52,57
2020-11-06,city_7,9268,357,96,81,97,83,310,75,79,78,78,502,120,129,125,128,222,58,50,56,58
2020-11-07,city_7,9869,342,90,88,80,84,305,79,75,75,76,510,127,128,127,128,211,57,51,50,53
2020-11-08,city_7,9514,349,91,86,89,83,309,79,75,78,77,494,125,124,122,123,224,56,56,53,59
2020-11-09,city_7,9281,357,91,85,97,84,310,78,76,77,79,505,129,124,128,124,209,54,54,50,51
2020-11-10,city_7,9292,352,92,89,83,88,307,77,76,75,79,503,122,125,127,129,215,50,52,55,58
2020-11-11,city_7,9754,367,98,94,84,91,313,79,77,79,78,496,125,120,128,123,219,53,58,50,58
2020-11-12,city_7,9513,384,98,96,94,96,309,77,77,78,77,494,124,124,124,122,215,52,59,53,51
2020-11-13,city_7,9863,366,87,98,99,82,314,77,79,79,79,490,120,127,123,120,221,56,59,54,52
2020-11-14,city_7,9201,346,85,88,82,91,310,75,79,77,79,492,123,129,120,120,217,56,59,50,52
2020-11-15,city_7,9167,341,84,80,86,91,302,76,75,76,75,501,121,128,128,124,219,57,57,55,50
2020-11-16,city_7,9796,378,99,92,99,88,310,78,78,77,77,502,127,129,123,123,217,54,51,58,54
2020-11-17,city_7,9115,345,83,88,94,80,311,78,76,79,78,498,125,128,122,123,221,55,58,56,52
2020-11-18,city_7,9018,354,89,82,93,90,305,77,77,76,75,492,123,121,120,128,213,54,51,53,55
2020-11-19,city_7,9627,363,87,97,89,90,310,78,78,78,76,500,122,127,128,123,214,52,56,56,50
2020-11-20,city_7,9247,369,96,91,83,99,305,76,75,75,79,495,121,125,122,127,222,58,54,56,54
2020-11-21,city_7,9347,376,86,94,97,99,306,76,75,78,77,497,128,123,124,122,225,56,57,54,58
2020-11-22,city_7,9328,353,81,92,89,91,309,76,78,79,76,498,129,122,127,120,215,50,55,57,53
2020-11-23,city_7,9928,372,90,98,97,87,306,78,75,76,77,503,125,128,126,124,217,59,52,53,53
2020-11-24,city_7,9817,360,89,89,85,97,308,77,77,79,75,501,127,125,127,122,208,52,53,51,52
2020-11-25,city_7,9092,355,80,98,86,91,313,78,78,79,78,496,126,122,127,121,213,54,50,58,51
2020-11-26,city_7,9302,352,91,84,91,86,303,75,75,77,76,504,120,128,128,128,217,58,59,50,50
2020-11-27,city_7,9778,387,99,91,99,98,310,77,77,78,78,495,129,124,120,122,218,57,55,53,53
2020-11-28,city_7,9315,365,96,81,96,92,304,75,76,78,75,503,129,126,128,120,218,53,55,51,59
2020-11-29,city_7,9700,338,87,81,86,84,307,76,79,77,75,495,124,120,126,125,222,54,52,57,59
2020-11-30,city_7,9832,385,96,99,94,96,303,75,75,75,78,492,125,123,122,122,205,50,53,52,50
2020-12-01,city_7,9218,352,94,80,80,98,312,78,77,79,78,495,120,125,121,129,220,56,54,54,56
2020-12-02,city_7,9278,347,88,84,95,80,302,76,75,76,75,497,123,124,126,124,221,56,54,58,53
2020-12-03,city_7,9353,366,85,99,94,88,310,78,77,79,76,500,128,120,125,127,210,50,50,56,54
2020-12-04,city_7,9491,359,92,93,81,93,309,76,78,77,78,493,124,121,124,124,212,56,50,56,50
2020-12-05,city_7,9143,349,95,82,83,89,310,78,77,79,76,496,128,125,120,123,211,52,56,51,52
2020-12-06,city_7,9492,374,93,95,91,95,310,76,79,78,77,495,121,121,125,128,225,59,59,53,54
2020-12-07,city_7,9696,367,96,96,82,93,309,77,77,79,76,500,126,123,127,124,221,59,50,56,56
2020-12-08,city_7,9420,353,85,96,90,82,306,75,79,77,75,498,122,127,127,122,223,59,52,53,59
2020-12-09,city_7,9081,374,80,99,98,97,308,76,79,78,75,508,127,129,129,123,210,52,51,53,54
2020-12-10,city_7,9923,362,91,96,88,87,304,77,75,76,76,504,125,129,122,128,217,53,59,54,51
2020-12-11,city_7,9507,355,82,86,96,91,307,78,75,78,76,493,128,125,120,120,215,50,50,59,56
2020-12-12,city_7,9217,364,91,91,92,90,308,76,77,76,79,503,128,124,128,123,223,58,51,58,56
2020-12-13,city_7,9040,344,86,82,87,89,310,76,77,79,78,502,120,129,125,128,212,52,56,50,54
2020-12-14,city_7,9273,347,85,87,81,94,310,78,77,78,77,501,123,121,128,129,205,50,50,53,52
2020-12-15,city_7,9812,358,92,88,82,96,308,76,78,78,76,504,128,128,122,126,220,52,53,59,56
2020-12-16,city_7,9685,365,97,88,99,81,307,78,75,79,75,488,125,122,120,121,212,57,51,50,54
2020-12-17,city_7,9478,356,80,98,93,85,309,75,76,79,79,491,120,123,128,120,224,55,58,57,54
2020-12-18,city_7,9276,368,92,96,90,90,312,79,78,76,79,503,125,128,126,124,215,54,53,50,58
2020-12-19,city_7,9925,361,96,83,90,92,308,76,78,76,78,495,124,122,125,124,218,59,55,54,50
2020-12-20,city_7,9796,376,95,98,93,90,305,76,76,75,78,495,126,121,122,126,232,57,59,59,57
2020-12-21,city_7,9445,372,94,89,93,96,307,76,75,78,78,492,121,123,123,125,220,57,53,59,51
2020-12-22,city_7,9884,350,81,99,87,83,312,79,78,78,77,498,127,129,122,120,220,56,55,59,50
2020-12-23,city_7,9805,338,84,94,80,80,315,79,79,79,78,492,124,122,126,120,213,59,50,53,51
2020-12-24,city_7,9803,340,93,85,82,80,313,79,76,79,79,487,120,124,121,122,203,51,52,50,50
2020-12-25,city_7,9473,370,91,87,95,97,306,77,77,76,76,490,123,122,123,122,220,58,56,55,51
2020-12-26,city_7,9876,344,92,90,81,81,306,75,75,78,78,509,125,129,128,127,222,56,56,59,51
2020-12-27,city_7,9434,373,89,93,99,92,301,75,75,76,75,500,124,129,124,123,222,56,56,52,58
2020-12-28,city_7,9315,346,87,89,85,85,305,77,77,75,76,500,121,126,128,125,214,57,50,57,50
2020-12-29,city_7,9467,355,81,90,92,92,309,79,75,76,79,494,120,120,126,128,223,54,55,59,55
2020-12-30,city_7,9946,347,95,82,84,86,304,76,77,76,75,501,128,123,129,121,204,50,51,51,52
2020-12-31,city_7,9381,357,84,94,90,89,307,77,76,77,77,490,124,121,123,122,206,52,50,50,54
2021-01-01,city_7,9442,382,99,92,92,99,304,75,75,76,78,505,128,128,120,129,213,56,52,54,51
2021-01-02,city_7,9126,357,85,90,95,87,307,78,79,75,75,487,121,120,120,126,221,52,57,55,57
2021-01-03,city_7,9530,346,92,83,90,81,307,77,78,75,77,505,128,128,128,121,212,56,54,51,51
2021-01-04,city_7,9516,356,88,84,98,86,304,75,76,75,78,491,124,120,125,122,224,53,56,58,57
2021-01-05,city_7,9567,355,90,91,84,90,306,75,78,76,77,501,126,129,124,122,218,54,52,56,56
2020-09-29,city_8,9190,379,98,95,93,93,313,79,78,79,77,499,124,126,128,121,208,52,50,52,54
2020-09-30,city_8,9308,354,82,91,91,90,308,76,79,77,76,494,122,122,125,125,226,57,56,56,57
2020-10-01,city_8,9910,353,99,81,87,86,310,75,77,79,79,488,124,124,120,120,213,52,52,56,53
2020-10-02,city_8,9500,353,91,81,97,84,311,77,79,78,77,512,129,129,126,128,224,54,57,56,57
2020-10-03,city_8,9049,366,91,93,84,98,307,75,75,79,78,496,124,123,123,126,223,56,57,59,51
2020-10-04,city_8,9460,364,86,96,89,93,307,77,77,78,75,491,122,121,127,121,228,58,58,54,58
2020-10-05,city_8,9035,363,96,82,95,90,309,79,75,79,76,499,120,124,128,127,221,53,59,57,52
2020-10-06,city_8,9030,339,81,89,89,80,313,79,79,79,76,486,120,121,120,125,222,54,58,55,55
2020-10-07,city_8,9188,368,94,94,97,83,309,75,76,79,79,492,125,123,121,123,207,50,50,55,52
2020-10-08,city_8,9551,361,96,85,89,91,305,75,75,76,79,508,127,126,128,127,220,52,58,51,59
2020-10-09,city_8,9089,381,86,99,98,98,311,77,79,79,76,503,127,125,122,129,225,59,56,57,53
2020-10-10,city_8,9212,367,90,97,86,94,308,79,76,76,77,512,128,126,129,129,223,59,57,55,52
2020-10-11,city_8,9292,348,81,94,85,88,312,79,77,78,78,484,120,120,123,121,211,53,51,51,56
2020-10-12,city_8,9254,380,99,94,99,88,310,78,76,78,78,502,124,129,129,120,216,58,55,50,53
2020-10-13,city_8,9835,343,96,82,81,84,308,76,79,78,75,492,120,124,120,128,217,58,53,56,50
2020-10-14,city_8,9209,348,91,83,92,82,310,76,79,79,76,503,124,129,129,121,209,50,50,55,54
2020-10-15,city_8,9575,383,88,99,99,97,305,75,75,76,79,498,120,126,123,129,225,56,58,52,59
2020-10-16,city_8,9956,355,95,88,83,89,306,77,77,75,77,497,122,126,125,124,219,59,52,50,58
2020-10-17,city_8,9335,343,82,89,86,86,308,79,77,75,77,496,120,127,121,128,216,50,57,53,56
2020-10-18,city_8,9297,377,95,97,90,95,305,75,75,76,79,497,124,128,120,125,207,50,56,51,50
2020-10-19,city_8,9273,335,82,86,86,81,310,78,78,78,76,501,126,126,123,126,233,59,59,56,59
2020-10-20,city_8,9016,376,88,95,95,98,306,75,76,79,76,495,127,127,121,120,223,54,58,57,54
2020-10-21,city_8,9682,365,91,85,90,99,314,79,79,79,77,505,127,126,127,125,214,50,53,54,57
2020-10-22,city_8,9226,369,97,86,91,95,307,76,78,78,75,501,126,125,128,122,216,55,57,52,52
2020-10-23,city_8,9026,355,91,93,85,86,311,79,77,78,77,493,122,122,122,127,216,59,55,51,51
2020-10-24,city_8,9492,353,86,98,89,80,305,76,75,76,78,496,123,129,123,121,227,57,58,54,58
2020-10-25,city_8,9845,356,89,94,85,88,309,76,75,79,79,497,128,122,120,127,216,50,58,54,54
2020-10-26,city_8,9476,347,82,83,87,95,311,79,76,79,77,497,120,128,122,127,209,53,52,50,54
2020-10-27,city_8,9538,377,95,99,89,94,310,79,76,78,77,497,124,123,128,122,216,51,58,51,56
2020-10-28,city_8,9408,365,93,86,98,88,312,75,79,79,79,492,127,121,123,121,217,55,58,54,50
2020-10-29,city_8,9086,379,99,93,91,96,312,79,76,78,79,505,127,126,127,125,211,55,54,52,50
2020-10-30,city_8,9948,376,94,98,92,92,307,79,75,75,78,487,121,123,123,120,220,55,54,56,55
2020-10-31,city_8,9384,366,83,89,99,95,302,75,75,75,77,494,123,127,120,124,218,53,53,54,58
2020-11-01,city_8,9918,364,82,96,87,99,309,79,79,76,75,503,126,127,126,124,220,59,50,55,56
2020-11-02,city_8,9425,346,95,89,82,80,307,79,75,78,75,485,121,123,120,121,213,52,55,51,55
2020-11-03,city_8,9366,370,93,87,93,97,305,75,79,75,76,504,126,129,125,124,218,58,52,57,51
2020-11-04,city_8,9546,344,88,86,86,84,311,77,79,78,77,497,124,122,124,127,218,58,50,58,52
2020-11-05,city_8,9547,373,95,89,97,92,308,75,77,79,77,494,125,125,124,120,220,51,54,59,56
2020-11-06,city_8,9589,346,80,80,96,90,304,77,77,75,75,506,129,123,126,128,220,58,54,53,55
2020-11-07,city_8,9844,349,86,83,87,93,306,78,76,77,75,504,121,128,126,129,214,54,52,50,58
2020-11-08,city_8,9316,361,97,95,87,82,310,79,78,77,76,505,128,128,121,128,215,53,54,51,57
2020-11-09,city_8,9481,352,89,83,87,93,310,79,76,77,78,494,121,120,125,128,215,55,52,57,51
2020-11-10,city_8,9876,349,96,83,89,81,308,75,78,78,77,501,129,122,124,126,217,53,55,55,54
2020-11-11,city_8,9359,356,81,93,91,91,309,77,79,77,76,495,124,122,127,122,211,58,51,51,51
2020-11-12,city_8,9457,359,90,80,91,98,307,78,75,79,75,499,129,123,122,125,213,58,51,53,51
2020-11-13,city_8,9344,356,86,97,93,80,311,77,79,78,77,492,124,124,121,123,216,51,56,59,50
2020-11-14,city_8,9758,358,98,81,99,80,308,78,76,76,78,493,124,120,121,128,213,58,52,51,52
2020-11-15,city_8,9647,351,83,96,82,90,308,75,77,78,78,500,126,128,125,121,221,59,55,53,54
2020-11-16,city_8,9608,346,81,81,98,86,310,78,76,78,78,497,129,121,120,127,224,54,54,58,58
2020-11-17,city_8,9687,355,91,83,93,88,308,78,75,78,77,499,120,128,129,122,211,54,50,50,57
2020-11-18,city_8,9416,372,98,96,89,89,312,78,78,77,79,496,127,120,122,127,226,57,56,55,58
2020-11-19,city_8,9465,359,91,83,86,99,310,78,77,79,76,491,120,120,124,127,218,55,59,53,51
2020-11-20,city_8,9971,354,92,81,90,91,311,79,77,78,77,489,127,121,121,120,217,56,53,51,57
2020-11-21,city_8,9495,363,90,94,81,98,311,76,78,78,79,493,121,121,126,125,216,52,54,58,52
2020-11-22,city_8,9880,337,82,84,80,91,309,76,76,79,78,504,129,129,120,126,218,54,54,54,56
2020-11-23,city_8,9862,355,80,86,93,96,307,78,75,78,76,491,123,123,121,124,214,55,58,51,50
2020-11-24,city_8,9321,352,80,96,91,85,310,77,78,79,76,494,128,123,120,123,218,59,58,51,50
2020-11-25,city_8,9698,362,82,98,92,90,309,76,78,76,79,498,123,127,128,120,216,53,52,57,54
2020-11-26,city_8,9508,353,80,96,90,87,310,75,78,79,78,506,125,124,128,129,213,53,55,55,50
2020-11-27,city_8,9814,362,81,85,97,99,305,75,76,79,75,498,125,127,122,124,221,57,59,52,53
2020-11-28,city_8,9603,349,93,84,82,90,308,75,76,79,78,495,120,126,122,127,217,51,58,53,55
2020-11-29,city_8,9293,340,89,82,82,87,303,75,76,77,75,496,125,128,120,123,217,55,50,53,59
2020-11-30,city_8,9276,372,92,98,88,94,303,75,77,76,75,503,121,126,127,129,225,59,56,54,56
2020-12-01,city_8,9459,343,82,96,81,84,313,78,79,78,78,496,124,122,124,126,215,53,50,55,57
2020-12-02,city_8,9677,360,88,90,92,90,309,79,77,75,78,503,126,129,124,124,210,50,50,55,55
2020-12-03,city_8,9647,374,94,99,99,82,306,76,76,79,75,503,128,125,122,128,217,58,56,50,53
2020-12-04,city_8,9514,375,92,94,90,99,306,75,78,77,76,501,124,126,123,128,221,58,52,55,56
2020-12-05,city_8,9263,368,94,87,90,97,308,75,77,77,79,494,125,122,126,121,225,51,57,59,58
2020-12-06,city_8,9978,375,98,91,97,89,308,75,79,75,79,506,128,127,127,124,212,52,50,53,57
2020-12-07,city_8,9312,360,84,85,97,94,304,75,77,75,77,499,125,124,128,122,223,57,58,56,52
2020-12-08,city_8,9284,353,83,89,85,96,307,79,75,76,77,502,123,129,128,122,214,56,50,50,58
2020-12-09,city_8,9760,344,83,92,83,86,311,79,79,76,77,506,127,129,126,124,209,52,51,50,56
2020-12-10,city_8,9909,368,90,91,93,94,307,75,79,75,78,505,125,126,129,125,229,58,56,56,59
2020-12-11,city_8,9271,362,95,99,88,80,305,76,78,76,75,497,126,124,127,120,209,51,54,51,53
2020-12-12,city_8,9820,349,85,88,89,87,307,79,75,77,76,507,127,124,128,128,225,58,52,59,56
2020-12-13,city_8,9390,362,98,82,93,89,310,75,79,79,77,500,127,127,120,126,220,52,53,58,57
2020-12-14,city_8,9026,346,90,91,82,83,309,76,76,78,79,485,120,125,120,120,217,53,55,54,55
2020-12-15,city_8,9796,342,92,82,83,85,308,75,79,78,76,499,123,128,124,124,214,52,55,50,57
2020-12-16,city_8,9686,369,93,89,94,93,308,76,79,78,75,489,124,122,121,122,223,53,57,54,59
2020-12-17,city_8,9425,366,87,99,95,85,309,78,75,79,77,499,123,120,129,127,217,59,51,52,55
2020-12-18,city_8,9784,359,91,84,89,95,311,78,78,77,78,503,128,127,125,123,209,52,51,53,53
2020-12-19,city_8,9558,366,86,97,87,96,306,78,76,75,77,491,120,127,122,122,227,59,58,53,57
2020-12-20,city_8,9339,343,81,94,81,87,306,77,76,75,78,494,127,125,121,121,214,59,50,54,51
2020-12-21,city_8,9826,367,84,94,91,98,309,76,76,78,79,495,121,124,126,124,220,58,53,57,52
2020-12-22,city_8,9791,362,90,97,86,89,308,76,76,78,78,501,124,126,122,129,217,55,53,51,58
2020-12-23,city_8,9642,351,82,86,98,85,304,76,76,75,77,503,128,127,127,121,218,51,51,57,59
2020-12-24,city_8,9290,367,98,88,92,89,309,79,78,75,77,500,124,123,128,125,214,57,50,50,57
2020-12-25,city_8,9590,371,80,96,99,96,308,78,76,77,77,489,120,122,126,121,210,56,52,50,52
2020-12-26,city_8,9904,356,85,86,94,91,307,78,75,76,78,503,128,124,122,129,226,52,58,58,58
2020-12-27,city_8,9667,357,81,87,99,90,301,76,75,75,75,499,126,124,125,124,218,54,56,52,56
2020-12-28,city_8,9733,360,96,93,86,85,309,78,77,79,75,503,129,121,127,126,230,59,58,54,59
2020-12-29,city_8,9899,366,90,86,98,92,309,76,78,76,79,500,127,128,121,124,223,58,52,55,58
2020-12-30,city_8,9521,363,90,93,92,88,307,76,79,76,76,498,123,126,123,126,227,59,58,51,59
2020-12-31,city_8,9878,369,95,97,94,83,310,77,79,78,76,500,128,129,123,120,224,58,54,55,57
2021-01-01,city_8,9882,378,93,91,99,95,309,78,75,77,79,495,126,124,122,123,218,57,54,55,52
2021-01-02,city_8,9920,355,84,84,96,91,307,75,78,78,76,507,128,124,128,127,216,57,52,57,50
2021-01-03,city_8,9015,359,91,94,90,84,305,77,76,76,76,497,122,128,120,127,207,53,52,52,50
2021-01-04,city_8,9147,356,83,94,98,81,308,77,77,76,78,511,128,129,127,127,223,56,50,59,58
2021-01-05,city_8,9846,373,99,86,90,98,305,76,78,75,76,486,120,121,121,124,210,52,51,52,55
2020-09-29,city_9,9705,348,86,82,85,95,310,77,78,76,79,497,126,121,121,129,219,51,56,55,57
2020-09-30,city_9,9738,358,92,89,83,94,309,78,79,75,77,503,121,128,126,128,216,59,54,50,53
2020-10-01,city_9,9501,370,85,98,98,89,304,75,78,75,76,499,120,126,127,126,205,50,54,50,51
2020-10-02,city_9,9848,354,84,93,83,94,307,78,79,75,75,504,127,127,127,123,218,55,58,52,53
2020-10-03,city_9,9700,356,91,81,99,85,308,78,75,79,76,493,121,126,125,121,222,58,56,50,58
2020-10-04,city_9,9638,358,84,86,91,97,309,77,78,78,76,502,125,123,127,127,218,56,56,51,55
2020-10-05,city_9,9534,349,90,83,95,81,308,75,79,78,76,507,127,127,127,126,221,55,59,56,51
2020-10-06,city_9,9792,370,84,92,97,97,312,79,78,79,76,490,126,123,121,120,228,54,58,59,57
2020-10-07,city_9,9042,345,82,89,88,86,309,78,77,75,79,492,123,120,125,124,212,52,53,54,53
2020-10-08,city_9,9933,357,97,82,85,93,304,75,75,77,77,506,127,126,125,128,222,54,52,59,57
2020-10-09,city_9,9559,362,91,82,93,96,309,78,77,75,79,497,121,127,122,127,217,56,55,54,52
2020-10-10,city_9,9543,369,91,82,99,97,308,77,78,76,77,489,121,121,125,122,214,52,54,53,55
2020-10-11,city_9,9184,350,87,88,89,86,311,79,76,77,79,510,127,128,129,126,223,54,55,59,55
2020-10-12,city_9,9713,348,96,86,81,85,313,79,78,77,79,507,128,128,126,125,222,51,55,57,59
2020-10-13,city_9,9745,350,93,85,84,88,308,79,77,77,75,486,120,123,121,122,214,50,55,56,53
2020-10-14,city_9,9859,351,83,83,87,98,312,78,76,79,79,488,123,120,123,122,214,53,58,51,52
2020-10-15,city_9,9259,371,91,92,89,99,310,78,78,75,79,490,121,123,122,124,223,54,56,56,57
2020-10-16,city_9,9368,357,80,84,98,95,309,78,76,79,76,493,124,120,122,127,221,51,59,52,59
2020-10-17,city_9,9797,365,90,95,95,85,301,75,75,76,75,496,128,122,126,120,220,59,53,50,58
2020-10-18,city_9,9072,360,96,95,80,89,307,76,76,77,78,504,125,129,129,121,221,55,58,57,51
2020-10-19,city_9,9816,355,85,86,86,98,309,79,79,76,75,498,127,123,124,124,213,50,56,57,50
2020-10-20,city_9,9755,344,90,89,80,85,308,76,79,78,75,497,123,126,122,126,217,54,50,59,54
2020-10-21,city_9,9390,353,95,85,92,81,310,75,79,79,77,506,129,128,121,128,210,51,51,58,50
2020-10-22,city_9,9830,368,95,96,90,87,305,76,77,77,75,493,123,123,120,127,225,56,55,58,56
2020-10-23,city_9,9907,352,85,87,84,96,309,76,79,77,77,489,125,122,120,122,212,50,52,55,55
2020-10-24,city_9,9346,353,80,94,83,96,312,79,79,77,77,496,122,122,128,124,212,55,56,50,51
2020-10-25,city_9,9027,361,92,82,92,95,308,76,75,79,78,494,122,129,121,122,210,50,53,51,56
2020-10-26,city_9,9555,357,98,83,81,95,311,75,79,78,79,493,125,127,120,121,222,54,59,53,56
2020-10-27,city_9,9717,360,89,97,83,91,307,75,75,78,79,500,125,121,127,127,218,56,56,55,51
2020-10-28,city_9,9626,365,89,81,98,97,312,77,77,79,79,493,124,126,121,122,209,53,54,52,50
2020-10-29,city_9,9506,350,86,96,86,82,308,77,76,76,79,503,126,127,129,121,215,51,50,55,59
2020-10-30,city_9,9420,383,95,92,97,99,310,77,77,77,79,491,121,124,120,126,218,56,51,52,59
2020-10-31,city_9,9009,360,85,84,98,93,305,75,77,77,76,487,120,125,120,122,205,52,51,51,51
2020-11-01,city_9,9839,355,80,80,97,98,308,75,79,78,76,489,120,124,123,122,215,57,50,50,58
2020-11-02,city_9,9571,370,93,97,81,99,302,75,76,75,76,492,121,122,126,123,211,55,54,51,51
2020-11-03,city_9,9821,348,88,97,83,80,314,79,78,79,78,498,127,122,121,128,216,57,51,52,56
2020-11-04,city_9,9111,355,93,95,84,83,310,76,79,79,76,496,126,129,121,120,212,51,50,55,56
2020-11-05,city_9,9866,356,90,92,82,92,309,78,76,78,77,494,127,122,124,121,216,53,50,56,57
2020-11-06,city_9,9858,352,85,88,82,97,311,75,79,79,78,485,122,122,121,120,217,57,52,57,51
2020-11-07,city_9,9267,386,90,99,99,98,308,75,77,79,77,493,121,129,122,121,209,51,55,50,53
2020-11-08,city_9,9814,363,96,91,89,87,309,76,77,78,78,497,125,127,123,122,226,57,59,53,57
2020-11-09,city_9,9678,347,83,88,84,92,310,78,76,79,77,507,128,129,124,126,218,54,52,57,55
2020-11-10,city_9,9826,360,88,82,97,93,309,76,78,79,76,481,120,120,120,121,216,54,57,51,54
2020-11-11,city_9,9317,355,85,86,96,88,309,75,77,79,78,496,125,125,126,120,214,53,52,50,59
2020-11-12,city_9,9388,362,88,90,94,90,309,78,79,77,75,507,126,128,126,127,223,58,56,50,59
2020-11-13,city_9,9449,371,97,98,88,88,308,79,75,79,75,498,123,123,129,123,218,55,54,54,55
2020-11-14,city_9,9222,355,98,91,82,84,309,78,77,79,75,489,124,124,121,120,216,53,54,53,56
2020-11-15,city_9,9543,344,89,92,83,80,310,77,79,76,78,498,127,123,127,121,215,57,58,50,50
2020-11-16,city_9,9513,356,89,90,96,81,307,78,77,75,77,497,121,128,126,122,220,57,59,52,52
2020-11-17,city_9,9490,369,98,91,83,97,310,76,79,79,76,501,128,125,122,126,216,58,50,52,56
2020-11-18,city_9,9146,352,81,91,94,86,307,78,75,75,79,491,125,122,121,123,213,52,50,54,57
2020-11-19,city_9,9073,342,88,85,82,87,303,75,75,75,78,490,121,125,120,124,217,52,55,54,56
2020-11-20,city_9,9504,360,85,95,81,99,308,76,76,79,77,491,124,122,125,120,218,50,59,50,59
2020-11-21,city_9,9135,354,93,96,83,82,307,75,78,78,76,488,120,122,120,126,213,52,58,53,50
2020-11-22,city_9,9549,354,86,92,85,91,313,79,77,78,79,500,124,124,126,126,228,51,59,59,59
2020-11-23,city_9,9384,333,80,81,90,82,305,75,76,78,76,498,128,120,121,129,225,52,59,57,57
2020-11-24,city_9,9076,361,86,93,85,97,302,76,75,76,75,505,129,126,122,128,213,51,56,54,52
2020-11-25,city_9,9590,369,96,89,88,96,309,78,77,79,75,503,128,127,125,123,208,52,53,52,51
2020-11-26,city_9,9022,354,93,97,80,84,309,79,78,76,76,498,122,127,127,122,224,58,58,56,52
2020-11-27,city_9,9576,364,97,87,97,83,309,75,78,78,78,506,128,128,129,121,225,53,59,57,56
2020-11-28,city_9,9801,366,99,86,90,91,307,75,76,77,79,498,128,125,120,125,212,52,52,58,50
2020-11-29,city_9,9583,365,97,94,89,85,304,78,75,75,76,493,124,123,122,124,213,52,54,52,55
2020-11-30,city_9,9368,385,99,97,99,90,312,79,79,76,78,497,125,127,124,121,223,53,59,54,57
2020-12-01,city_9,9904,354,86,87,93,88,307,77,75,76,79,508,127,127,129,125,211,50,53,50,58
2020-12-02,city_9,9715,353,83,84,93,93,310,78,78,75,79,505,129,129,123,124,230,59,56,58,57
2020-12-03,city_9,9030,358,80,87,97,94,308,76,79,76,77,500,121,129,127,123,230,56,58,59,57
2020-12-04,city_9,9783,370,80,99,98,93,313,79,79,78,77,505,127,127,123,128,225,58,57,56,54
2020-12-05,city_9,9366,356,92,81,91,92,307,75,76,79,77,491,122,120,122,127,211,54,52,50,55
2020-12-06,city_9,9310,385,95,95,98,97,310,79,78,78,75,490,121,120,126,123,219,55,56,57,51
2020-12-07,city_9,9685,362,95,87,85,95,309,75,78,78,78,508,127,126,129,126,223,59,57,51,56
2020-12-08,city_9,9355,355,86,92,90,87,309,79,75,79,76,490,121,121,128,120,220,56,52,56,56
2020-12-09,city_9,9877,366,97,95,88,86,306,78,76,76,76,500,126,122,129,123,225,59,51,57,58
2020-12-10,city_9,9552,348,95,87,80,86,304,77,76,75,76,494,127,122,125,120,210,51,52,57,50
2020-12-11,city_9,9067,352,85,84,89,94,306,75,76,76,79,491,120,123,126,122,215,52,59,53,51
2020-12-12,city_9,9971,376,97,86,97,96,307,77,76,78,76,499,123,128,126,122,214,51,51,56,56
2020-12-13,city_9,9525,357,80,98,80,99,307,75,76,77,79,501,125,124,125,127,219,55,57,52,55
2020-12-14,city_9,9226,351,98,81,88,84,305,76,76,77,76,493,120,125,122,126,227,59,55,59,54
2020-12-15,city_9,9029,374,95,90,96,93,307,76,78,76,77,494,126,122,126,120,227,58,59,53,57
2020-12-16,city_9,9277,336,87,82,87,80,308,78,79,76,75,508,126,128,129,125,211,55,54,52,50
2020-12-17,city_9,9409,357,86,89,93,89,311,78,78,77,78,505,122,127,127,129,217,52,54,52,59
2020-12-18,city_9,9578,363,89,89,97,88,305,77,77,75,76,501,122,124,129,126,223,56,52,58,57
2020-12-19,city_9,9824,360,93,88,81,98,307,77,77,76,77,503,127,125,126,125,218,54,51,55,58
2020-12-20,city_9,9107,351,80,88,86,97,312,78,78,77,79,489,120,125,124,120,222,53,53,58,58
2020-12-21,city_9,9105,372,95,98,95,84,306,77,76,77,76,493,122,122,125,124,222,54,53,59,56
2020-12-22,city_9,9420,361,86,98,92,85,310,77,79,79,75,507,129,127,128,123,213,54,52,56,51
2020-12-23,city_9,9289,337,82,84,85,86,307,78,75,77,77,492,120,121,126,125,218,53,56,52,57
2020-12-24,city_9,9780,344,86,98,80,80,304,75,75,77,77,504,127,120,128,129,221,55,56,53,57
2020-12-25,city_9,9137,366,88,87,96,95,303,75,75,76,77,506,128,121,129,128,221,58,57,55,51
2020-12-26,city_9,9621,339,83,84,85,87,307,77,76,76,78,493,126,122,124,121,217,54,55,52,56
2020-12-27,city_9,9836,341,87,88,83,83,306,75,79,75,77,498,128,126,121,123,220,56,58,56,50
2020-12-28,city_9,9572,352,94,92,83,83,305,78,75,76,76,493,121,122,121,129,212,58,50,50,54
2020-12-29,city_9,9814,351,90,94,81,86,305,77,78,75,75,493,127,123,122,121,223,58,56,51,58
2020-12-30,city_9,9321,366,85,96,90,95,304,75,76,78,75,500,120,125,127,128,224,53,59,57,55
2020-12-31,city_9,9494,350,84,93,81,92,307,77,75,79,76,497,129,122,123,123,214,55,52,57,50
2021-01-01,city_9,9697,350,87,80,93,90,307,78,79,75,75,488,124,124,120,120,212,50,54,51,57
2021-01-02,city_9,9532,376,86,99,97,94,305,79,76,75,75,506,124,129,124,129,218,58,51,51,58
2021-01-03,city_9,9186,350,91,91,82,86,310,77,75,79,79,506,129,126,128,123,214,54,51,56,53
2021-01-04,city_9,9463,359,84,89,98,88,307,78,75,78,76,492,123,120,126,123,210,50,53,55,52
2021-01-05,city_9,9971,355,87,83,98,87,309,76,79,76,78,500,128,123,128,121,222,59,57,54,52
2020-09-29,city_10,9927,351,86,93,92,80,307,77,75,76,79,502,123,124,126,129,210,53,52,54,51
2020-09-30,city_10,9673,358,83,91,96,88,310,75,77,79,79,491,127,123,121,120,228,59,51,59,59
2020-10-01,city_10,9997,352,83,90,92,87,311,78,78,79,76,514,129,128,129,128,221,56,57,53,55
2020-10-02,city_10,9442,358,84,99,80,95,306,77,77,75,77,494,125,127,121,121,211,53,53,52,53
2020-10-03,city_10,9633,352,82,92,90,88,309,75,76,79,79,494,125,120,122,127,211,51,51,52,57
2020-10-04,city_10,9140,345,82,87,86,90,310,79,77,77,77,499,127,122,127,123,213,55,53,52,53
2020-10-05,city_10,9957,340,86,84,85,85,307,77,77,77,76,499,124,125,121,129,216,51,52,55,58
2020-10-06,city_10,9482,348,82,92,83,91,309,77,76,77,79,503,127,123,129,124,219,52,52,56,59
2020-10-07,city_10,9887,367,82,90,99,96,309,79,77,78,75,509,129,126,128,126,210,52,51,52,55
2020-10-08,city_10,9597,357,91,89,97,80,308,77,76,77,78,505,125,127,128,125,222,57,58,54,53
2020-10-09,city_10,9709,355,85,84,92,94,306,77,77,76,76,504,128,124,126,126,219,50,56,58,55
2020-10-10,city_10,9974,351,81,84,88,98,312,77,78,78,79,504,125,128,125,126,218,59,50,58,51
2020-10-11,city_10,9112,377,97,88,99,93,305,76,77,76,76,492,125,120,121,126,225,59,57,53,56
2020-10-12,city_10,9320,359,94,84,91,90,309,77,78,76,78,503,127,123,129,124,216,57,52,57,50
2020-10-13,city_10,9948,352,93,82,95,82,307,77,79,76,75,499,129,123,125,122,210,51,57,52,50
2020-10-14,city_10,9428,365,98,81,90,96,313,78,78,78,79,488,123,120,125,120,221,58,54,53,56
2020-10-15,city_10,9935,371,97,99,93,82,305,76,78,75,76,505,129,126,128,122,211,58,51,52,50
2020-10-16,city_10,9255,359,96,86,95,82,306,77,75,77,77,494,121,125,121,127,218,55,52,59,52
2020-10-17,city_10,9988,360,97,83,98,82,310,78,78,77,77,499,121,128,129,121,219,52,55,53,59
2020-10-18,city_10,9299,357,84,89,90,94,308,76,79,77,76,499,128,126,121,124,214,55,59,50,50
2020-10-19,city_10,9402,384,97,96,94,97,312,79,79,77,77,494,125,129,120,120,223,58,59,50,56
2020-10-20,city_10,9863,373,92,96,95,90,304,76,76,76,76,501,125,129,120,127,220,53,55,56,56
2020-10-21,city_10,9140,353,88,91,83,91,309,77,79,75,78,486,122,124,120,120,217,50,56,54,57
2020-10-22,city_10,9378,366,85,89,98,94,304,77,75,75,77,496,127,127,122,120,213,55,54,51,53
2020-10-23,city_10,9165,340,80,85,85,90,313,78,79,77,79,496,122,125,125,124,219,56,57,55,51
2020-10-24,city_10,9827,344,97,80,85,82,308,75,77,77,79,504,123,126,129,126,225,57,57,54,57
2020-10-25,city_10,9759,354,89,93,92,80,309,79,77,78,75,499,125,120,126,128,221,53,56,54,58
2020-10-26,city_10,9705,363,99,80,88,96,314,77,79,79,79,491,122,124,124,121,211,50,51,57,53
2020-10-27,city_10,9235,356,96,89,87,84,314,79,77,79,79,496,125,126,125,120,223,56,55,59,53
2020-10-28,city_10,9732,353,83,92,98,80,308,76,77,78,77,498,124,128,120,126,217,52,57,51,57
2020-10-29,city_10,9478,368,88,97,87,96,306,75,75,77,79,510,128,124,129,129,218,54,55,56,53
2020-10-30,city_10,9163,364,95,82,94,93,306,78,75,75,78,490,121,123,120,126,231,59,57,58,57
2020-10-31,city_10,9384,363,97,91,90,85,306,75,75,79,77,500,121,128,124,127,225,51,57,58,59
2020-11-01,city_10,9595,359,98,80,87,94,309,79,76,78,76,497,122,126,120,129,226,56,59,57,54
2020-11-02,city_10,9357,373,89,99,90,95,306,78,77,75,76,495,120,124,124,127,226,58,57,53,58
2020-11-03,city_10,9530,374,97,86,93,98,308,78,76,79,75,497,122,122,125,128,224,59,55,55,55
2020-11-04,city_10,9217,357,94,81,90,92,307,76,77,78,76,507,129,129,126,123,216,53,52,55,56
2020-11-05,city_10,9606,368,96,81,92,99,312,78,76,79,79,505,125,129,122,129,216,54,53,55,54
2020-11-06,city_10,9675,343,90,82,83,88,308,79,78,75,76,502,129,124,129,120,218,54,57,57,50
2020-11-07,city_10,9171,355,90,91,92,82,311,77,78,79,77,496,121,126,124,125,230,58,58,58,56
2020-11-08,city_10,9638,337,84,86,84,83,308,78,78,76,76,489,120,124,125,120,208,50,50,56,52
2020-11-09,city_10,9775,369,87,94,93,95,312,78,79,76,79,490,121,122,127,120,214,59,52,53,50
2020-11-10,city_10,9971,363,94,94,89,86,307,76,76,77,78,501,124,126,124,127,216,51,56,51,58
2020-11-11,city_10,9511,365,84,88,97,96,310,77,76,79,78,500,121,127,127,125,224,57,58,50,59
2020-11-12,city_10,9968,372,94,94,90,94,305,76,75,75,79,491,120,122,124,125,218,55,53,57,53
2020-11-13,city_10,9994,349,95,80,87,87,313,79,77,78,79,499,127,121,129,122,218,59,52,55,52
2020-11-14,city_10,9129,354,82,93,82,97,306,78,76,75,77,495,129,124,121,121,216,52,58,55,51
2020-11-15,city_10,9536,364,92,89,84,99,311,76,79,77,79,482,120,120,120,122,224,55,57,56,56
2020-11-16,city_10,9825,353,83,88,89,93,305,75,76,75,79,504,129,125,122,128,213,52,59,52,50
2020-11-17,city_10,9498,344,83,89,83,89,304,77,76,76,75,491,126,120,123,122,226,58,55,55,58
2020-11-18,city_10,9957,349,92,81,81,95,307,76,75,78,78,498,122,120,127,129,213,55,55,51,52
2020-11-19,city_10,9526,389,98,94,98,99,305,77,75,77,76,498,123,129,124,122,218,55,53,53,57
2020-11-20,city_10,9967,354,88,88,83,95,313,77,78,79,79,501,127,120,126,128,213,50,55,58,50
2020-11-21,city_10,9640,341,85,86,81,89,303,76,76,76,75,498,127,122,127,122,229,56,59,57,57
2020-11-22,city_10,9597,376,97,94,87,98,304,76,77,75,76,502,128,126,127,121,221,54,57,58,52
2020-11-23,city_10,9353,353,87,90,89,87,309,77,78,76,78,513,129,129,128,127,219,51,54,56,58
2020-11-24,city_10,9069,338,86,80,84,88,311,79,79,78,75,491,124,121,121,125,225,59,56,55,55
2020-11-25,city_10,9922,343,96,80,86,81,308,78,79,75,76,489,120,121,128,120,225,59,58,51,57
2020-11-26,city_10,9850,354,89,94,88,83,309,75,78,77,79,509,122,129,129,129,217,59,53,53,52
2020-11-27,city_10,9977,358,97,84,94,83,310,77,77,77,79,496,125,121,123,127,222,55,58,59,50
2020-11-28,city_10,9202,373,91,97,89,96,310,79,75,78,78,500,124,122,126,128,213,51,56,56,50
2020-11-29,city_10,9119,355,91,85,94,85,312,77,78,78,79,500,126,123,124,127,217,52,56,58,51
2020-11-30,city_10,9805,375,87,99,90,99,307,76,76,77,78,495,121,126,120,128,219,53,53,58,55
2020-12-01,city_10,9183,354,94,86,94,80,306,76,78,77,75,494,123,125,122,124,223,55,58,58,52
2020-12-02,city_10,9394,372,80,95,98,99,304,77,75,77,75,499,120,128,122,129,226,55,57,57,57
2020-12-03,city_10,9135,352,87,83,87,95,307,75,79,75,78,495,126,122,122,125,222,58,58,50,56
2020-12-04,city_10,9332,375,92,89,98,96,312,78,79,76,79,499,126,120,128,125,216,54,57,52,53
2020-12-05,city_10,9040,367,99,88,94,86,312,78,78,79,77,491,121,121,122,127,226,58,59,57,52
2020-12-06,city_10,9391,373,99,96,84,94,308,77,77,75,79,495,123,123,120,129,213,50,58,51,54
2020-12-07,city_10,9540,351,87,99,80,85,307,77,77,78,75,505,128,126,128,123,216,50,51,58,57
2020-12-08,city_10,9044,358,84,95,96,83,307,79,75,76,77,491,125,121,120,125,217,56,57,54,50
2020-12-09,city_10,9461,365,99,88,84,94,308,79,75,75,79,506,128,126,125,127,223,51,57,57,58
2020-12-10,city_10,9714,372,97,92,85,98,307,75,75,79,78,495,122,124,120,129,214,50,53,57,54
2020-12-11,city_10,9425,344,85,80,85,94,308,77,77,78,76,497,120,129,127,121,230,57,57,59,57
2020-12-12,city_10,9631,364,99,82,93,90,307,75,76,77,79,494,121,121,124,128,221,59,51,59,52
2020-12-13,city_10,9833,355,97,85,85,88,302,77,75,75,75,491,120,120,125,126,214,52,50,56,56
2020-12-14,city_10,9611,364,87,99,82,96,306,75,78,75,78,490,124,120,121,125,221,53,59,51,58
2020-12-15,city_10,9784,377,98,92,97,90,308,76,76,77,79,506,123,128,128,127,217,58,50,58,51
2020-12-16,city_10,9295,350,80,98,92,80,309,77,77,78,77,494,125,122,125,122,229,56,56,58,59
2020-12-17,city_10,9943,363,85,91,88,99,310,78,79,75,78,506,127,124,129,126,213,55,54,51,53
2020-12-18,city_10,9029,347,88,88,81,90,310,79,77,76,78,501,128,125,121,127,209,54,53,50,52
2020-12-19,city_10,9058,353,87,84,86,96,310,76,79,78,77,491,126,122,121,122,217,57,54,50,56
2020-12-20,city_10,9320,380,84,99,98,99,304,79,75,75,75,502,128,121,128,125,218,58,54,53,53
2020-12-21,city_10,9089,363,83,96,87,97,306,75,75,77,79,513,129,129,128,127,218,54,52,58,54
2020-12-22,city_10,9069,342,80,85,89,88,308,79,75,77,77,497,124,121,123,129,215,53,55,51,56
2020-12-23,city_10,9871,333,83,89,81,80,307,77,78,77,75,509,129,127,126,127,221,55,54,56,56
2020-12-24,city_10,9037,349,96,84,89,80,312,77,78,78,79,505,121,127,128,129,214,52,58,53,51
2020-12-25,city_10,9430,362,87,97,82,96,308,75,78,79,76,503,126,128,124,125,219,51,57,59,52
2020-12-26,city_10,9586,360,94,86,87,93,308,79,76,77,76,495,120,121,125,129,215,56,54,54,51
2020-12-27,city_10,9389,357,92,94,86,85,306,76,78,76,76,486,123,120,123,120,223,52,58,59,54
2020-12-28,city_10,9318,357,83,97,97,80,304,76,76,75,77,496,128,124,121,123,209,51,50,56,52
2020-12-29,city_10,9378,367,96,95,84,92,310,79,77,77,77,503,127,128,123,125,223,53,59,57,54
2020-12-30,city_10,9820,345,85,88,80,92,309,76,79,78,76,509,126,126,128,129,214,50,56,54,54
2020-12-31,city_10,9282,353,82,94,92,85,310,78,77,79,76,499,120,127,128,124,226,51,59,57,59
2021-01-01,city_10,9647,347,92,90,81,84,309,79,76,75,79,504,128,128,124,124,220,54,54,57,55
2021-01-02,city_10,9789,362,92,92,82,96,310,79,76,76,79,514,128,129,129,128,216,58,50,52,56
2021-01-03,city_10,9365,356,91,90,82,93,310,77,77,78,78,496,120,127,125,124,219,57,55,54,53
2021-01-04,city_10,9014,356,82,98,81,95,305,75,78,76,76,498,129,123,124,122,223,57,51,56,59
2021-01-05,city_10,9814,360,84,98,96,82,302,75,75,77,75,501,120,129,126,126,219,53,57,54,55
